Temperature ,Humidity,Soil moisture,Solar Radiation
31.2,93.6,567,622
31.2,93.6,567,622
30.5,74.6,307,622
30.4,76.6,308,622
30.4,76.6,308,622
30.3,77.1,307,622
30.3,76.5,307,622
30.3,78.1,307,622
30.3,78.8,307,622
30.3,78.8,307,622
30.2,77.5,308,622
30.2,77.6,307,622
30.2,77.6,307,622
30.2,78.7,307,622
30.2,78.5,307,622
30.1,78.5,307,622
30.1,78.9,307,622
30.1,80.4,307,622
30.1,78.9,307,622
30,77.6,307,622
30,79.7,307,622
30,78.9,307,622
29.9,77.3,307,622
29.8,77,307,622
29.7,77.9,307,622
29.6,77.8,307,622
29.6,79.1,306,622
29.6,80.6,306,622
29.5,78.7,306,622
29.5,80.6,306,622
29.5,79.7,307,622
29.4,81.3,307,622
29.4,79.2,306,622
29.4,79.8,306,622
29.4,80.7,306,622
29.4,80.7,306,622
29.5,79.2,306,622
29.5,79.1,307,622
29.6,79.9,307,622
29.6,81.9,306,622
29.7,79.1,306,622
30.3,75.6,306,196
30.2,76.7,306,196
30.2,76.2,306,196
30.2,74.7,306,196
30.2,75.8,306,196
30.2,75.7,306,196
31.2,95,587,171
31.2,95,587,171
25.9,94.4,309,171
26,92.6,284,171
26,95,310,171
25.9,95,297,171
25.9,98.2,281,171
25.9,92.7,265,171
28.9,80.4,228,35
28.8,80.9,225,35
28.8,79.9,314,35
30.2,96.3,532,35
25.8,95.7,209,195
25.7,95,212,195
25.8,93.7,214,195
25.8,95,204,195
25.8,93.7,204,195
25.8,97.7,204,195
25.9,97.7,587,195
27.4,88.5,587,642
27.5,88.4,215,642
27.5,87.5,215,642
27.5,84.6,214,642
27.5,86.8,215,642
27.4,83.9,213,642
27.4,80.8,215,642
27.5,83.6,214,642
27.5,81.5,213,642
27.5,86.3,213,642
27.4,82.3,215,642
27.5,86.3,213,642
28.8,78.3,268,43
28.8,78.2,265,43
28.8,78.9,265,43
28.8,77.9,267,43
28.8,78.1,268,43
28.8,79,265,43
28.8,78.9,265,43
28.8,77,266,43
28.7,78.5,268,43
28.7,77.6,265,43
28.7,78.5,265,43
28.7,78.5,265,43
28.8,81.2,268,43
28.7,80.5,265,43
28.7,80,265,43
28.7,78.6,266,43
28.7,78.3,265,43
28.7,79.8,265,43
28.7,78.3,265,43
28.7,79,268,43
28.6,78.3,266,43
28.7,78.5,265,43
28.7,78,265,43
28.7,77.1,268,43
28.7,79.6,265,43
28.7,79,264,43
28.6,79.5,265,43
28.6,79,268,43
28.6,79.3,266,43
28.6,79,264,43
28.6,78.5,265,43
28.6,79,268,43
28.6,78.3,265,43
28.5,76.8,589,43
28.5,77.6,589,43
28.5,78.5,264,43
28.5,77.6,265,43
28.5,78.1,268,43
28.5,77,264,43
28.5,78,264,5
28.5,77.8,265,5
28.5,78.5,268,5
28.5,77.3,266,5
28.5,79.5,264,5
28.4,78.6,264,5
28.4,78,268,5
28.4,77.9,266,5
28.4,78.3,264,5
29.7,95,587,312
29.7,95,587,312
25.2,95,268,312
27.4,89.1,268,690
27.4,90.1,268,690
25.2,95,228,217
25.2,95,228,217
25.3,95,230,217
25.3,95,228,217
25.3,95,230,217
25.3,95,227,217
25.2,95,227,217
25.2,95,229,217
25.2,95,229,217
25.2,95,227,217
28.6,83.8,232,804
28.6,82.6,230,804
28.7,82.3,230,804
28.7,82.8,233,804
28.7,81.6,230,804
28.8,82,231,804
28.7,82.8,235,804
28.6,83.2,229,804
28.5,82.6,237,804
28.6,80.5,233,804
28.7,79.1,230,804
28.8,77.4,238,804
28.8,79.5,231,804
30,62.7,231,258
30,62.5,231,258
30,63.2,237,258
30,62.2,231,258
30,61.7,231,258
30,62,237,258
30,62.2,232,258
29.9,63.5,232,258
29.9,64,235,258
29.9,65.7,234,258
29.9,65.5,232,258
29.9,65.2,229,258
29.9,66.3,232,258
28.9,83.7,213,203
28.9,84.8,502,203
27.6,89,502,203
27.6,96,215,203
27.6,87.8,212,203
27.6,96.5,214,203
27.5,93,213,203
29,86.9,203,203
29,86.9,213,203
29,86.7,195,203
28.9,86,196,203
28.9,86.3,196,203
28.9,85.8,196,203
28.9,86,196,203
28.9,85.8,196,203
28.9,85.8,196,203
28.9,85.8,196,203
28.9,85.8,196,203
28.9,85.8,196,203
28.9,85.8,196,732
28.9,85.8,196,732
28.9,85.8,196,732
28.9,85.8,196,732
28.9,85.8,196,732
28.9,85.8,196,732
28.9,85.8,196,732
28.9,85.8,196,732
28.9,85.8,196,732
28.9,85.8,196,732
28.9,85.8,196,732
28.9,85.8,196,732
28.9,85.8,196,732
28.9,85.8,196,732
28.9,85.8,196,732
28.9,85.8,196,732
28.9,85.8,196,732
28.9,85.8,196,732
28.9,85.8,196,732
28.9,85.8,196,732
28.9,85.8,196,732
28.9,85.8,196,732
28.9,85.8,196,732
28.9,85.8,196,732
28.9,85.8,196,732
28.9,85.8,196,732
28.9,85.8,196,732
28.9,85.8,196,732
28.9,85.8,196,732
28.9,85.8,196,732
28.9,85.8,196,732
28.9,85.8,196,732
28.9,85.8,196,732
28.9,85.8,196,732
28.9,85.8,196,732
28.9,85.8,196,732
28.9,85.8,196,732
28.9,85.8,196,732
28.9,85.8,196,732
28.9,85.8,196,732
28.9,85.8,196,732
28.9,85.8,196,792
28.9,85.8,196,792
28.9,85.8,196,792
28.9,85.8,196,792
28.9,85.8,196,792
28.9,85.8,196,792
28.9,85.8,196,792
28.3,88.7,234,792
28.3,87.2,235,792
28.3,88.4,232,792
28.3,88.4,232,792
28.3,88.4,232,792
28.3,88.4,232,732
28.3,88.4,232,732
28.3,88.4,232,732
28.9,83.7,503,732
28.9,84.8,503,792
27.6,89,214,792
27.6,96,558,792
27.6,87.8,558,792
27.6,96.5,214,792
27.5,93,213,792
29,86.9,203,792
29,86.9,213,792
29,86.7,195,792
28.9,86,196,732
28.9,86.3,196,732
28.9,85.8,196,732
28.9,86,196,732
28.9,85.8,196,732
28.9,85.8,196,732
25.68,89.26,350.63,481.09
28.01,82.62,593.6,321.35
26.44,67.22,614.17,334.34
25.63,65.63,381.92,516.62
23.93,91.66,337.84,463.99
27.04,70.05,149.23,544.79
24.13,66.28,579.4,674.34
30.48,95,510.37,512.94
31.49,70.82,374.74,383.31
23.37,64.37,412.72,271.1
29.08,76.16,639.71,588.34
25.4,75.2,629.05,94.87
25.95,92.44,223.87,624.78
30.96,64.7,612.43,428.02
18.99,63.19,415.65,674.01
19.22,63.25,181.55,515.94
18.28,91.65,300.66,638.44
29.66,75.73,518.43,607.39
28.89,65.27,638.19,155.07
30.18,80.78,182.84,377.91
31.7,78.82,473.6,662.48
29.19,66.94,513.31,48.43
24.46,81.11,280.18,566.53
28.93,71.91,558.85,279.94
19.66,68.34,179.93,739.8
26.96,77.86,259.01,699.46
20.01,70.21,120.28,447.57
31.23,67.77,411.59,420.89
25.31,90.79,272.79,42.73
23.81,65.45,165.28,69.08
21.7,69.82,630.91,624.36
28.84,73.51,235.23,486.82
24.39,69.58,449.05,399.48
25.96,67.37,277.45,143.3
18.26,86.99,466.55,600.83
26.65,71.52,499.49,160.7
26.57,63.94,540.84,579.7
26.64,78.93,291.52,430.94
31.21,64.39,147.41,58.14
27.55,72.51,617.22,394.59
23.03,90.86,682.19,687.72
24.12,72.92,634.01,426.77
27.77,82.14,167.91,557.56
18.84,78.01,575.38,605.35
27.33,64.82,401.88,34.12
27.39,82.72,486.63,610.11
20.95,89.96,474.79,716.44
19.8,63.26,430.32,230.2
22.42,86.38,511.55,556.18
23.09,84.16,477.47,177.83
25.98,90.33,454.57,718.77
24.14,63.64,202.84,188.56
31.84,70.7,621.66,717.92
19.43,84.3,557.03,320.78
20.92,60.77,679.33,106.17
20.26,85.69,579.21,566.93
27.14,90.03,457.86,730.58
21.55,75.87,651.96,161.61
24.53,75.2,499.47,642.32
21.42,69.75,299.88,300.2
20.23,60.18,221.79,427.81
19.55,66.52,470.5,440.08
27.19,94.3,546.98,700.39
19.93,90.36,598.01,256.5
20.75,69.33,285.47,339.77
23.16,93.73,643.16,700.53
29.49,72.87,455.22,129.72
19.36,70.42,539.39,162.39
29.73,65.35,588.72,356.54
19.35,91.56,660.14,643.69
31.67,94.54,288.19,44.95
24.56,71.46,347.63,145.14
31.67,84.62,641.98,95.41
26.47,71.74,604,699.35
28.35,63.67,351.5,363.81
18.55,73.74,391.06,426.04
21.96,79.3,535.95,719.94
19.68,64.31,155.52,593.02
22.15,88.64,333.04,82.66
19.66,77.41,239.61,261.13
22.45,68.2,420.9,144.38
23.8,80.75,567.82,24.5
18.9,87.76,195.36,332.37
27.69,71.47,692.31,701.88
25.93,84.55,390.92,317.68
21.72,74.98,568.35,495.58
25.33,93.74,324.4,178.58
19.32,86.98,403.12,252.01
26.06,72.47,679.62,271.69
31.01,60.62,520.35,382.12
22.46,83.01,134.88,656.03
27.34,66.93,254.55,28.56
19.85,64.27,270.37,480.01
28.03,92.61,676.17,318.43
22.05,95,566.35,5.58
20.56,69.45,513.61,54.68
26.21,70.56,160.4,306.45
18.28,65.77,586.21,121.76
29.61,76.02,225.37,204.75
18.07,90.3,206.29,311.4
27.49,84.55,623.93,743.29
21.78,89.62,122.92,447.28
28.29,68,156.7,22.48
31.47,85.57,653.26,701.98
21.48,92.15,265.9,556.01
26.07,69.85,569.12,382.62
26.29,84.17,501.16,473.39
26.01,74.02,185.09,498.1
21.12,70.16,581.06,174.85
31.34,93.94,240.29,238.48
24.26,72.2,523.35,496.23
29.85,63.77,340.89,404.39
27.79,73.6,435.96,457.62
22.16,75.67,668.8,733.83
29.39,86.33,270.32,368.22
23.55,93.25,294.64,130.96
30.34,88.6,289.66,120.37
26.14,92.58,334.61,22.9
30.34,76.63,454.44,91.92
27.7,85.18,584.15,582.94
28.15,70.82,638.01,111.98
25.02,62.44,155.49,180.97
31.39,72.79,497.06,336.56
27.02,84.43,463.59,448.27
23.93,69.61,468.54,256.6
26.49,90.15,580.13,131.47
18.27,87.68,663.96,639.69
22.22,66.79,553.99,445.32
27.24,71.58,219.54,84.55
22.06,88.89,673.7,248.37
26.65,68.54,621.82,118.04
24,71.61,293.8,686.18
19.9,72.01,190.91,46.83
22.18,88.04,587.47,639.97
25.98,61.3,686.28,682.41
26.27,62.58,193.94,542.2
26.04,80.25,497.79,288.46
27.14,73.9,125.71,18.33
27.13,82.15,140.59,649.84
24.04,69.33,575.41,710.99
30.55,91.84,593.04,422.32
23.15,86.63,322.62,33.52
24.1,62.37,379.82,48.9
30.49,87.44,572.1,233.7
29.29,93.94,617.47,686.69
27.85,92.99,280.14,232.45
19.4,85.74,574.89,374.94
30.87,64.33,236.51,677.32
28,80.16,379.46,338.33
31.98,69.95,536.96,320.23
20.09,93.96,517.76,303.63
30.15,85.11,411.33,523.82
20.27,81.38,508.53,557.27
26.62,84.33,149.31,390.59
19.73,75.33,287.2,514.88
29.87,73.05,245.44,365.93
29.3,92.75,167.44,154.87
25.97,71.62,240.46,157.81
23.7,61.45,618.82,299.67
18.97,74.03,639.84,219.94
27.76,87.66,429.2,252.72
24.35,82.7,400.95,495.96
28.11,93.68,388.64,262.66
30.13,63.72,676.25,433.28
31.66,91.9,665.67,298.89
29.98,72.91,245.56,281.83
18.16,76.59,175.1,240.81
23.04,75,151.54,335.12
28.22,64.08,327.44,438.9
20.4,68.67,362.17,104.79
25.29,85.98,263.65,202.27
18.76,60.81,653.73,406.28
20.8,64.69,605.55,729.2
18.26,60.88,551.79,332.29
29.11,90.01,400.66,350.93
21.13,81.61,634.17,303.23
22.83,65.95,668.21,494.84
30.99,86.91,634.85,559.58
27.86,93.84,271.59,429.34
18.45,92.71,621.25,250.69
20.31,92.25,323.21,211.93
26.7,60.27,191.5,458.45
26.08,80.62,551.3,21.91
21.33,68.98,589.15,470.27
31.08,79.76,692.33,346
26.6,71.13,398.96,471.58
25.5,65.38,265.59,442.09
26.26,75.56,157.93,347.12
28.22,77.33,359.65,401.46
22.37,94.64,454.91,702.38
23.58,61.48,407.97,217.63
20.94,70.54,214.42,337.93
20.61,89.82,335.5,338.46
31.22,83.09,652.39,507.44
28.35,88.93,386.39,505.65
24.87,83.11,417.09,35.56
21.18,86.58,393.71,130.77
21.56,77.25,343.13,302.4
18.81,67.17,155.16,65.61
24.08,88.35,252.93,164.78
22.37,79.87,410,553.94
27.75,64.88,458.97,195.85
23.29,88.17,397.32,407.83
20.51,93.55,331.06,392.44
18.35,72.12,586.03,246.52
18.94,70.27,522.96,720.51
27.51,62.86,668.34,73.5
24.35,83.26,136.09,283.04
25.51,93.56,551.57,428.83
30.55,64.76,155.6,127.17
31.86,76.98,288.77,715.21
21.04,63.44,651.92,208.12
27.28,61.19,569.71,406.81
21.69,83.26,503.97,519.83
18.29,90.37,351.82,514.97
28.62,71.81,148.9,106.76
22.48,90.65,270.95,559.07
23.37,64.1,398.9,155.53
26.24,68.33,365.21,590.61
29.63,91.56,385.72,144.84
26.81,77.8,137.58,302.11
30.22,81.29,487.18,262.77
21.83,61.33,381.56,496.01
29.17,64.49,129.74,137.44
20.6,61.95,664.74,329.33
31.34,91.68,234.67,738.55
27.62,64.72,218.36,636.66
21.02,89.74,557.95,360.85
31.26,72.29,322.22,182.02
28.23,88.02,474.7,581.67
21.56,72.78,123.46,726.9
20.99,69.37,370.23,291.39
25.25,63.28,134.4,236.8
18.36,69.82,241.55,138.76
20.9,76.5,232.94,544.89
23.95,88.61,683.14,435.19
23.24,75.84,295.4,628.47
24.49,94,606.77,198.98
21.89,78.96,364.04,109.15
26.21,60.87,620.04,102.71
30.09,74.54,504.42,126.51
19.65,84.11,124.11,489.1
25.24,68.2,184.73,137.09
19.85,84.45,138.18,732.78
28.04,77.63,172.46,490.52
23.54,60.9,247.78,34.48
25.92,87.1,575.64,646.68
20.57,79.61,545.53,383.54
20.03,62.89,261.93,314.52
24.83,76.63,346.45,536.78
22.98,70.06,618.5,348.91
31.17,90.79,161.95,215.19
28.71,69.97,447.59,162.15
28.48,92.96,186.72,421.9
30.65,79.11,696.55,505.42
19.17,71.33,376.15,269.57
25.73,88.47,650.86,379.26
26.18,84.41,208.73,459.93
31.47,74.49,694.38,518.79
22.09,82.04,154.4,723.51
21.37,87.25,154.17,489.84
19.4,89.8,597.48,86.65
18.23,88.57,570.42,417.47
31.01,65.81,263.8,529.84
27.38,88.99,263.17,237.72
28.99,62.05,394.14,665.19
21.94,67.01,667.29,514.29
26.21,81.8,483.01,22.17
18.9,64.01,602.87,259.51
24.8,81.12,622.92,164.25
31.68,70.78,197.98,507.6
30.27,75.03,455.71,531.69
22.73,71.03,692.43,100.03
31.46,62.46,175.47,496.73
21.24,77.53,377.26,310.63
31.29,93.73,563.61,171.79
31.18,81.41,693.95,480.4
29.19,70.5,189.44,613.2
26.83,93.47,354.57,433.99
30.24,73.62,556.72,573.2
22.1,84.41,464.57,605.5
29.89,82.19,629.62,418.61
26.65,93.35,179.25,28.82
18.19,92.01,434.66,157.31
22.86,65.18,473.33,448.55
20.07,63,592.27,298.9
31.75,88.34,610.46,149.71
24.7,91.67,395.02,177.16
24.96,77.25,470.51,391.07
26.95,84.18,124.55,170.65
23.16,62.44,519.64,410.79
19.92,67.69,128.96,598.15
29.51,65.23,495.31,243.61
20.66,81.04,413.42,428.29
25.16,66.91,673.35,90.06
21.14,62.09,214.58,261.59
19.37,70.58,342.59,201.72
30.07,83.7,617.23,113.89
31.62,80.23,418.18,54.41
31.45,71.58,592.48,334.76
30.69,89.17,414.31,601.36
28.84,69.67,515.79,333.87
22.66,69.12,631.29,398.63
19.14,79.6,151.79,25.17
23.7,76.74,630.9,628.72
21.25,75.61,223.8,679.82
19.85,65.45,558.07,518.26
18.75,77.66,448.18,344.98
28.16,69.07,313.09,314.63
18.16,73.73,675.94,626.57
28.79,85.67,608.03,283.82
20.06,92.79,285.62,448.55
19.11,87.09,237.56,375.93
19.25,74.2,328.21,379.54
27.41,80.76,312.63,608.39
21.44,86.13,212.66,560.81
23.89,74.5,663.7,120.61
25.8,72.61,634.82,286.68
30.05,64.73,627.41,345.02
28.18,85.77,384.31,93.32
21.78,89.35,577.97,614.14
19.84,71.08,329.01,76.68
18.78,87.42,619.15,559.19
22.22,81.36,645.74,88.16
21.67,87.44,432.21,457.82
24.39,74.4,396.19,83.46
27.57,86.17,428.97,373.1
27.74,74.3,258.11,622.1
21.97,63.11,173.28,106.47
23.32,79.27,344.41,152.18
20.54,75.9,574.76,222.28
29.04,68.85,515.42,337.69
18.8,91.22,607.71,679.8
27.76,73.4,381.85,498.1
28.9,61.37,192.08,540.25
28.88,73.37,423.12,126.53
21.63,74.86,142.9,712.43
23.23,90.16,369.9,618.59
26.23,87.97,236.82,429.55
21.82,67,609.66,9.21
23.19,89.37,194.78,594.08
20.76,68.68,395.29,512.61
24.44,71.97,343.38,40.78
18.62,62.69,610.32,418.93
29.2,61.94,445.74,300.65
19.08,83.83,395.47,464.07
25.26,92.32,465.79,54.47
22.3,77.26,254.64,459.11
26.09,89.54,422.4,667.44
31.43,87.78,323.02,366.83
27.04,83.26,183.17,256.72
18.5,94.24,579.07,515.62
24.03,88.08,329.26,701.67
25.14,69.62,281.77,533.33
25.51,87.62,120.33,708.91
27.54,84.24,142.04,405.04
21.89,73.98,266.07,89.47
19.8,62.69,311.13,380.87
23.5,67.5,525.49,259.43
31.39,87.9,333.7,110.18
20.62,68.7,581.98,618.67
30.66,94.93,460.56,731.06
25.61,84.29,323.33,409.7
24.4,76.7,211.29,276.33
30.35,79.97,120.79,82.67
24.42,81.38,342.21,452.11
28.14,93.91,355.9,614.78
23.59,65.66,331.06,67.3
30.66,69.53,585.39,46.02
27.66,84.84,175.42,179.62
27.79,68.4,186.64,525.38
22.59,90.5,255.41,650.23
28.59,72.13,417.96,585.52
26.9,66.33,541.02,374.42
21.36,61.67,644.12,110.27
20.25,80.85,274.92,212.87
29.15,88.88,194.12,399.95
31.43,69.58,415.34,478.74
24.41,92.11,293.76,622.05
26.27,86.52,691.01,274.54
30.01,62.15,143.11,600.87
24.4,80.04,230.72,66.95
31.33,79.86,557.06,657.48
26.06,67.08,344.1,358.45
29.49,71.71,446.1,745.3
30.72,76.04,592.96,230.21
29.42,61.68,506.78,480.2
20.23,65.24,470.06,536.51
26.8,65.74,515.46,37.94
23.58,73.27,157.26,271.63
18.88,86.16,176.72,359.96
23.94,89.1,472.38,448.54
21.62,65.7,333.35,315.9
29.89,86.32,697.51,531.23
18.47,83.47,595.98,110.86
31.43,91.17,657.36,352.06
22.98,93.91,224.67,360.63
22.99,64.36,482.34,139.54
18.23,62.82,136.17,569.32
20.59,87.99,546.38,227.38
23.62,65.68,144.49,155.18
31.01,66.81,510.97,527.43
19.39,90.87,243.17,232.77
31.23,92.86,462.89,218.77
30.17,71.15,280.07,280.3
24.36,89.48,132.99,536.79
22.57,90.06,517.61,215.82
21.26,81.19,380.22,393.59
26.6,79.81,540.05,315.7
18.46,80.15,152.65,275.07
18.22,70.55,427.52,215.72
24,81.66,151.47,20.06
18.95,68.53,203.43,658.76
21.53,66.22,574.96,353.66
21.1,74.45,252.63,76.81
21.54,84.7,174.13,380.16
19.83,81.75,202.25,668.82
18.17,93.77,202.03,665.25
19.62,82.63,609.42,334.87
26.66,64.95,462.17,733.05
31.64,65.64,579.56,104.66
31.86,63.26,269.19,580.14
23.73,66.69,483.28,53.39
20.28,80.93,641.37,713.53
26.94,89.34,429.69,743.31
24.86,91.29,625.03,405.47
31.85,74,246.47,365.14
18.91,79.55,680.82,88.36
28.97,88.32,166.22,14.59
22.04,70.92,561.44,432.2
21.38,80.85,237,384.89
27.28,66.09,187.79,53.37
21.44,76.68,444.24,295.68
27.32,66.06,303.87,546.58
25.24,76.18,249.06,739.36
23.94,73.89,374.69,519.13
25.77,75.16,693.28,462.18
22.02,68.53,486.95,98.73
27.89,64.76,281.59,670.28
23.81,69.65,691.82,408.9
23.05,68.39,281.92,592.69
29.6,85.7,537.4,356.61
30.95,85.09,272.73,61.13
18.64,80.46,569.1,152.47
21.26,63.2,493.51,84.66
22.88,79.82,452.17,721.86
29.41,62.77,386.16,639.98
31.8,60.64,260.85,388.87
31.57,72.34,473.47,705.08
30.67,68.42,627.12,117.89
22.15,80.81,138.16,707.24
31.89,92.5,544.95,661.88
21.49,85.19,630.36,704.62
19.48,86.86,477.79,651.42
31.31,93.28,269.89,28.75
21.27,82.19,323.86,632.72
27.66,80.22,554.31,246.46
18.82,81.07,332.76,271.94
28.23,90.3,124.68,676.18
30.34,73.58,181.2,236.29
21.81,87.84,285.5,55.46
23.31,82.83,348.04,737.31
23.24,70.66,331.31,689.62
28.48,60.48,587.73,43.69
21.33,67.35,248.52,648.11
20.41,84.5,357.98,359.48
24.29,80.29,592.25,405.82
22.26,69.61,580.19,564.35
29.75,75.2,239.03,615.62
21.33,83.14,331.16,678.99
25.03,64.45,210.66,450.53
31.2,75.13,172.26,179.85
26.88,74.58,441.43,369.19
30.14,78.99,305.31,485.22
31.16,78.27,417.94,623.42
28.51,72.87,460.99,370.94
27.79,86.7,471.59,157.79
31.55,62.35,665.64,287.67
31.92,61.24,256.1,134.56
24.33,74.71,640.89,704.43
18.99,91.38,149.76,190.04
22.1,69.71,137.62,378.16
20.13,66.03,183.09,649.2
23.84,92.49,493.34,157.04
19.84,65.89,427.57,250.92
26.46,73.12,214.03,430.76
23.36,85.52,205.78,247.47
30.54,69.13,427.07,60.12
31.55,68.04,676.22,83.58
25.66,73.92,225.98,166.96
21.85,87.56,270.3,94.79
26.29,91.88,189.94,682.94
30.55,61.1,464.87,351.43
23.69,65.78,657.53,462.35
25.73,93.55,258.05,140.47
21.8,80.75,394,557.49
24.38,79.3,646.42,9.25
23.62,88.47,530.8,694.45
21.48,61.39,426.41,348.59
25.08,60.48,490.8,318.18
22.35,93.86,543.89,39.82
23.22,89,542.52,5.41
25.35,86.16,401.29,342.03
28.51,65.45,283.26,380.86
22.67,76.68,239.58,741.76
30.94,92.81,652.8,471.52
30.07,92.68,153.78,213.45
18.68,60.32,315.5,465.18
21.55,86.34,520.23,34.05
24.25,60.22,468.04,523.62
19.46,94.45,371.27,466.87
22.88,74.59,180.46,382.62
28.36,94.07,200.93,313.83
27.53,72.87,523.98,416.14
26.71,70.26,400.54,500.03
27.95,71.07,316.94,165.8
20.87,85.57,337.38,182.35
22.78,66.99,368.64,600.28
27.47,90.24,516.17,87.95
30.31,80.67,468.55,154.49
25.61,93.95,160.88,553.38
21.96,94.55,211.34,25.67
18.42,66.48,160.92,524.15
27.94,93.45,140.06,68.27
18.11,61.63,570.08,425.36
23.22,60.98,613.56,421.29
25.43,93.04,361.38,581.84
30.91,93.68,681.93,376.4
19.25,65.15,620.89,190.9
23.68,75.48,619.02,385
18.34,77.29,332.97,469.71
22.8,90.11,673.52,651.51
26.71,81.98,554.38,403.54
21.91,87.11,325.14,150.92
20.94,76.98,635.52,371.08
19.62,82.69,122.39,732.92
26.08,85.74,451.52,657.96
27.73,85.83,421.7,392.39
27.41,60.06,167.44,114.23
31.28,63.5,620.17,127.37
18.04,72.73,283.39,594.14
27.06,62.14,338.28,112.61
26.41,73.4,395.59,699.51
26.24,73.63,593.82,90.53
31.48,92.21,465.06,272.45
18.24,79.85,447.1,214.9
27.75,84.72,330.18,747.05
29.39,91.05,282.22,537.92
25.14,75.47,397.31,245.49
22.68,60.07,268.33,24.38
29.07,69.99,316.92,204.52
19.36,88.5,375.42,556.8
24.19,91.56,609.23,200.28
25.28,72.3,659.7,151.22
27.72,70.29,601.25,628.92
19.27,92.36,424.91,614.58
21.19,72.29,532.7,4.77
23.74,82.83,314.42,15.36
26.73,69.81,386.33,333.64
30.42,63.43,665.48,698.15
26.66,77.54,325.87,114.44
19.87,92.31,220.33,634.83
31.73,81.65,393.81,510.05
30.21,67.31,498.5,448.55
25.04,83.89,193.38,397.13
30.91,86.89,190.82,419.77
25.58,71.23,296.14,620.34
30.93,79.57,646.44,450.58
29.62,83.87,511.27,393.19
31.56,65.61,248.72,88.73
30.88,93.74,470.02,622.98
18.5,75.79,502.94,264.12
20.45,94.29,423.37,608.93
23.45,66.64,560.44,514.01
31.33,76.93,134.35,618.5
22.2,65.8,230.85,387.65
20.25,60.36,680.5,585.3
30.41,68.33,408.69,576.67
24.25,74.11,164.38,218.75
30.71,75.09,298.74,413.93
20.24,91.03,121.03,111.94
27.26,82.25,456.06,30
24.16,75.21,699.7,119.21
19.07,94.58,462.26,391.99
27.75,81.5,473.84,722
21.46,71.29,310.08,376.73
18.55,84.2,257.48,21.84
18.84,77.35,414.73,282.31
18.86,90.84,641.88,421.04
30.71,91.38,125.66,122.79
28.36,72.86,450.4,630.48
30.57,79.68,368.54,258.84
27.42,69.3,480.28,187.68
25.41,81.93,607.18,582.3
22.26,94.73,380.45,64.61
31.97,89.14,246.26,198.74
23.07,72.82,338.43,65.75
24.59,63.34,207.32,270.81
23.3,93.83,169.24,7.1
31.71,73.64,338.01,401.52
20.45,70.27,482.91,85.51
22.59,71.07,272.44,551.33
27.52,77.15,651.1,147.88
18.88,93.49,519.59,716.09
26.5,94.53,518.06,551.77
24.69,70.36,521.19,663.07
21.98,72.3,120.98,748.47
21.34,77.91,591.54,709.25
25.2,60.29,652.21,437.83
23.15,66.12,131.25,369.5
24.39,92.76,467.01,521.1
22.72,61.03,512.41,315.37
31.59,63.53,233.82,35.59
19.87,74.72,606.16,676.13
19.36,85.6,482.98,679.83
22.81,69.41,250.53,568.81
26.27,70.71,680.97,296.09
27.23,70.69,245.2,60.78
23.56,90.54,513.58,340.95
31.99,67.91,394.86,565.52
22.93,79.68,539.51,92.84
28.1,95,176.7,609.09
26.93,85.5,672.48,82.06
29.38,71.77,238.6,680.74
31.67,86.79,247.82,364.23
30.46,93.39,441.34,276.08
28.7,73.07,322.85,453.1
27.78,84.78,376.44,124.41
22.7,62.65,141.52,179.5
20.07,91.34,256.23,8.42
18.88,63.37,568.65,526.25
21.39,73.05,643.28,362.42
24.05,78.99,255.42,198.79
25.31,69.23,568.54,10.9
28.82,82.72,136.79,606.88
31.42,79.41,145.94,224.6
19.64,85.1,347.95,47.06
19.5,72.39,205.79,646.74
26.26,79.11,216.36,584.57
28.44,88.43,483.89,356.98
29.87,88.37,617.74,278.73
31.1,85,571.8,189.86
31.77,78.97,315.17,555.16
23.6,83.56,627.63,300.45
23.32,63.04,607.98,78.87
20.07,76.5,424.04,66.83
27.59,90.11,396.01,580.84
27.19,81.26,153.91,724.44
30.07,92.96,207.3,265.4
19.36,69.18,169.54,454.37
24.97,63.37,425.53,116.04
26.14,81.93,512.45,120.84
21.38,63.18,478.89,472.26
20.37,87.37,626.27,517.17
30.03,68.99,502.05,331
18.82,78.86,601.23,676.12
24.59,88.4,201.45,427.73
19.62,87.58,219.56,605.57
24.4,77.36,652.68,662.96
31.72,94.15,325.73,219.73
23.93,77.42,245.86,345.82
30,69.76,649,335.22
19.64,70.59,682.66,254.72
21.8,86.03,489.91,231.11
23.65,75.3,345.24,620.71
23.6,74.66,519.26,532.39
27.4,60.72,129.02,616.02
22.83,70.68,203.93,55.56
27.99,90.11,333.85,653.49
26.95,88.12,602.69,178.04
23.59,86.13,296.5,292.33
24.04,60.81,153.57,230.54
26.6,60.94,339.67,619.26
18.98,70.9,259.93,550.52
29.51,76.61,152.51,346.42
27.15,91.84,351.38,628.4
28.17,73.46,323.82,179.12
25.52,70.1,545.63,305.76
19.55,79.99,156.66,74.52
23.67,92.01,339.85,273.67
23.68,85.85,318.61,472.11
22.49,89.98,495.16,358.76
18.42,66.38,634.99,746.13
28.32,64.4,202.93,732.19
19.54,79.04,593.43,64.25
26.49,84.41,473.64,206.35
27.85,93.42,136.96,440.41
26.89,73,564.8,513.26
31.43,72.13,431.86,548.12
19.45,78.05,583.96,15.36
30.14,83.97,357.14,703.18
18.41,79.81,505.99,401.66
25.49,85.31,235.31,199.41
23.66,73.31,231.27,616.99
25.34,90.18,317.35,400.33
23.11,66.4,421.28,206.89
20.67,71.06,535.59,229.14
18.27,87.08,506.75,122.51
25.25,71.75,596.38,439.29
29.8,83.39,367.31,260.43
23.23,70.07,649.27,555.02
21.12,66.55,183.32,159.55
19.13,70.53,228.58,6.03
19.19,91.04,516.56,204.53
21.1,76.13,267.19,584.48
19.4,67.89,215.46,729.57
21.71,71.25,634.17,87.98
18.93,60.1,159.67,500.9
18.92,86.45,695.05,567.72
29.99,67.9,620.3,646.83
20.27,80.93,623.59,250.41
25.84,60.88,484.65,708.01
28.83,89.21,250.42,675.17
24.39,66.56,582.89,150.89
20.15,60.17,151.2,517.7
20.79,70.54,457.63,652.23
24.06,92.22,374.71,498.32
25.4,69.19,555.24,609.08
22.89,77.62,133.79,338.47
28.94,74.25,344.34,456.97
28.51,70.3,396.71,664.87
30.98,92.46,208.37,393.84
18.41,87.61,360.54,689.37
30.54,86.67,648.08,568.54
23.5,78.41,391.81,185.89
30.3,88.87,266.03,387.87
27.67,76.05,428.75,741.62
31.82,76.28,155.29,706.69
28.63,77.28,290.68,338.67
23.1,68.29,574.51,450.99
25.01,92.33,492.31,662.32
23.27,69.06,133.91,220.67
23.11,66.94,450.53,602.04
21.65,68.53,246.06,461.13
24.94,88.61,685.93,506.79
27.54,86.9,574.54,377.8
21.88,74.95,194.19,464.3
25.34,60.48,343.62,252.3
19.64,94.15,404.18,380.88
20.24,64.64,225.78,182.52
18.66,89.8,528.48,137.42
31.59,87.36,608,522.73
18.05,92.83,122.59,508.75
20.5,87.07,197.27,172.73
26.58,71.6,284.41,557.33
19.14,68.12,690.78,715.08
30.35,73.22,354.63,747.31
28.07,67.11,218.75,83.12
31.53,85.19,190.14,158.52
25.11,88.93,642.79,414.57
22.21,82.63,589.94,659.41
25.69,66.51,479.19,267.8
31.03,61.31,433.02,637.42
25.29,80.31,570.75,88.53
21.74,76.19,304.53,632.83
30.28,66.99,491.12,101.64
23.21,72.88,547.37,599.94
18.02,78.95,453.88,554.91
21.47,82.15,217.86,428.28
22.46,76.68,691.82,315.97
30.02,94,590.49,319.68
24.42,61.62,404.56,553.88
24.22,83.04,479.58,679.76
22.71,91.83,560.84,70.42
30.33,68.28,385.98,731.63
31.23,67.48,548.69,554.56
31.89,86.68,568.3,348.68
23.27,77.02,386.22,484.18
31.53,94.73,228.91,72.87
29.09,80.62,466.7,329.24
27.46,92.32,441.49,303.66
21.43,60.43,410.29,289.06
21.03,65.41,153.98,437.83
20.32,83.95,570.99,567.5
30.92,74.58,432.45,51.4
22.12,89.26,369.78,582.97
24.34,75.01,592.64,408.34
24.92,84.95,234.19,497.74
28.89,79.82,277.58,684.83
29.82,64.2,491.04,249.23
19.95,85.13,346.23,479.25
23.98,84.72,295.78,71.83
29.8,64.05,267.68,67.47
29.45,79.67,401.72,29.76
19.43,71.75,569.81,365.1
20.19,76.06,587.09,611.5
22.26,74.8,578.53,298.09
19.06,63.67,633.67,155.38
23.95,65.53,149.43,32.28
19.51,63.04,689.69,560.68
25.96,66.74,367.35,356.82
21.45,89.84,231.93,441.23
26.35,60.86,682.61,472.49
19.65,75.11,598.61,323
31.66,88.03,659.24,605.3
31.06,63.51,423.43,304.06
23.49,67.97,553.69,192.53
21.39,85.46,421.29,198.05
21.51,82.66,432.88,664.57
24.77,79.71,671.87,239.59
18.56,66.01,548.25,604.25
26.96,87.81,448.73,191.64
23.72,64.95,347.79,709.62
23.28,64.72,215.31,12.25
29.33,87.83,187.12,701.75
27.93,72.92,293.81,633.76
31.36,70.94,521.83,220.94
22.93,69.75,231.1,317.44
30.57,71.37,196.25,514.27
28.78,71.92,165.1,547.08
23,84.37,610.82,121.09
26.7,68.41,259.89,369.28
22.04,71.39,236.49,496
30.24,87.17,346.7,217.26
19.57,91.96,485.1,418.81
20.97,81.45,460.03,355.65
20.56,63.68,655.72,285.96
23.64,78.96,515.54,373.64
28.43,81.97,445.94,632.69
25.38,70.99,532.73,631.79
24.83,88.98,504.96,700.7
18.01,87.37,565.14,101.03
23.96,80.14,452.01,154.1
18.89,65.08,588.23,732.06
20.92,84.41,642.03,575.75
31.05,91.34,523.96,263.87
21.02,68.75,327.42,545.74
30.02,93.55,282.39,634.08
29.24,87,489.57,456.46
20.23,70.51,486.23,232.15
26.48,81.59,133.87,457.54
19.62,70.77,553.32,607.15
28.19,63.48,248.69,237.46
26.92,88.85,151.6,38.77
29.37,83.3,208.86,343.21
24.71,81.49,500.93,614.41
30.81,64.98,423.37,310.89
18.69,73.21,611.22,398.16
22.1,90.68,181.63,689.33
28.01,65.72,601.12,204.19
23.85,61.68,497.53,467.39
20.42,66.69,244.66,596.61
19.5,68.76,547.41,320.14
29.44,87.43,549.97,57.56
24.62,82.68,182.64,366.95
30.35,60.61,274.54,583.02
28.27,60.61,490.54,277.55
23.74,79.84,340.73,113.88
23.23,82.17,563.84,408.54
25.22,64.39,430.9,357.41
30.45,81.37,617.06,580.16
28.32,68.41,184.4,171.94
18.07,71.79,545.57,334.13
27.72,74.31,389.49,152.12
30.87,64.07,421.25,642.21
27.95,93.71,284.75,397.12
20.48,94.08,276.06,385.94
24.77,75.58,230.09,457.81
19.96,69.01,336.54,415.6
23.03,93.55,258.61,164.51
31.12,88.63,230.04,195.86
30.93,85.35,677.84,439.03
21.96,76.16,379.5,495.86
22.75,74.37,513.31,365.56
26.4,87.28,337.01,498.44
31.48,78.19,450.48,149.11
20.07,83.12,409.54,638.87
21.6,79.82,475.36,346.48
30.23,84.93,539.18,745.8
24.89,63.29,505.07,424.61
30.59,73.22,562.02,695.41
20.6,65.85,204.86,456.06
25.46,68.47,174.54,299.26
22.57,67.03,316.56,633.09
22.43,77.62,399.46,117.11
24.26,60.66,250.15,609.18
24.06,93.74,568.47,182.9
23,78.16,537.34,222.51
30.81,61.84,649.88,38.23
28.24,83.87,542.8,311.55
28.19,69.41,182.14,591.36
22.06,63.74,505.7,150.48
26.09,89.06,358.99,253.09
28.91,66.93,270.58,543.52
29.14,63.67,469.13,744.23
22.82,61.99,295.27,352.75
28.79,85.5,427.9,76.7
28.3,82.93,454.07,141.57
19.98,60.29,426.86,142.51
30.12,67.75,126.2,547.94
24.18,84.66,322.27,730.03
24.81,65.32,578.47,67.9
24.28,80.19,321.2,555.1
25.95,67.46,415.44,305.53
26.7,75.72,321.05,42.93
24.97,90.36,235.56,56.47
30.14,70.59,235.86,132.72
26.79,84.01,554.34,41.36
23.62,75.34,484.21,126.45
23.83,63.37,660.59,15.28
29.35,72.62,364.18,284.76
22.87,89.44,489.21,6.73
20.96,94.06,391.75,6.19
18.83,89.58,394.88,270.89
30.26,65.68,615.37,279.98
30.86,72.09,383.5,235.15
19.68,89.09,658.34,169.36
22.68,79.39,479.89,523.92
20.46,87.17,169.55,223.36
19.62,87.22,159.43,25.88
30.6,62.49,689.74,445.3
18.8,71.98,351.63,692.08
31.73,76.77,460.73,604.17
19.35,93.08,370.32,363.01
30.09,91.44,212.16,89.05
25.93,74.81,192.82,552.44
23.15,63.35,243.36,681.01
22.79,74.16,471.1,238.41
28.6,78.76,436.99,304.61
22.4,91.65,310.58,701.75
27.2,70.32,145.62,730.64
25.24,70.81,307.94,217.95
24.79,81.95,351.02,363.32
30.62,77.68,558.73,513.73
25.77,66.86,547.74,182.83
29.58,65.07,248.42,421.79
28.16,77.13,252.05,510.33
18.54,87.28,484.17,236.61
28.82,87.26,498.03,536.85
21.04,94.15,445.44,229.09
30.64,73.4,184.94,745.91
18.6,73.72,285.72,317.2
22.66,60.06,138.39,248.05
19.4,89.05,561.72,111.67
24.66,82.63,587.77,224.88
29.48,86.95,653.88,620.86
22.17,76.47,170.99,442.59
20.11,92.21,645.6,238.99
22.62,61.02,652.69,591.51
29.39,64.03,698.67,176.86
19.97,73.16,571.18,172.83
21.18,62.98,272.33,194
18.96,63.08,273.44,517.4
27.88,79.84,519.17,199.83
23.53,67.56,514.24,148.15
22.35,81.93,502.99,374.1
28.06,92.53,324.81,549.59
22.7,88.84,421.48,291.91
28.19,68.7,294.87,696.7
29.41,63.14,466.14,465.99
21.05,93.26,567.99,644.79
31.63,94.81,525.24,496.84
20.27,73.11,370.85,672.23
22.07,76.12,424.34,269.95
20.52,65.09,568,530.26
22.84,84.86,255.05,22.23
24.72,74.76,248.35,33.71
25.31,88.11,401.29,641.92
29.95,80.21,406.6,477.45
30.45,61.5,133.61,609.08
21.08,71.72,457.53,516.86
26.72,88.3,362.29,198.7
19.56,84.08,454.3,363.51
24.43,82.14,650.6,179.43
22.51,83.54,313.21,66.08
22.43,81.18,182.54,596.34
24.76,82.44,239.78,342.23
28.22,81.71,297.79,342.48
18.97,78.67,620.81,672.11
30.31,86.52,438.46,131.69
28.29,72.93,697.15,691.38
20.47,76.63,285.32,615.4
31.15,74.05,159.86,657.73
25.09,67.32,294.69,12.44
32,71.27,695.71,523.85
20.76,61.93,551,536.86
25.49,71.39,650.74,504.39
22.06,73.67,465.01,56.65
22.26,63.27,279.71,282.47
26.27,67.72,673.57,191.66
30.9,68.73,252.91,579.41
29.27,67.96,350.33,615.24
28.14,72.26,290.16,345.22
25.83,65.07,493.21,561.76
30.91,85.6,362.45,217.78
24.89,71.99,675.12,112.75
30.23,64.28,681.1,675.22
29.68,80.78,176.21,589.33
20.99,66.29,658.43,84.83
28.8,62.03,582.84,295.09
18.17,65.72,533.16,622.95
22.52,74.7,330.42,536.23
21.21,84.27,514.14,199.73
25.1,82.45,590.19,382.04
28.32,60.18,601.65,7.04
19.37,87.77,587.35,269.14
25.21,71.75,305.61,584.5
31.14,83.79,227.31,410.73
21.2,61.14,435.39,619.47
27.48,73.78,267.45,40.5
26.3,60.69,575.29,191.66
18.14,88.57,145.91,553.85
24.66,66.54,366.74,687.63
27.92,83.61,571.58,543.55
18.62,69.7,166.72,720.13
30.31,64.74,518.45,726.9
25.28,92.56,254.02,239.57
18.43,80.83,193.89,621.81
21.14,91.17,298.57,582.56
31.35,70.73,131.22,40.96
26.15,89.04,485.41,384.52
19.5,92.96,313.09,445.7
22.03,73.83,696.35,383.17
24.39,91.64,176.75,592.38
18.29,71.73,639.03,105.92
23.76,71.36,408.82,293.86
24.85,94.85,188.27,125.62
21.41,93.33,616.55,671.17
26.24,68,184.41,329.38
28.55,89.3,494.6,141.79
21.3,71.99,262.23,77.62
26.69,94.27,380.49,431.77
26.95,89.74,452.35,30.96
31.28,91.67,653.41,588.84
28.9,80.08,285.02,133.9
29.88,70.3,344.86,110.15
24.87,66.91,235.77,567.87
20.59,78.48,319.3,444.86
31.94,83.5,192.97,271.17
19.81,85.96,437.89,239.71
24.6,65.96,444.35,505.31
18.95,78.76,481.56,644.48
31.21,75.26,253.6,602.03
31.51,67.29,370.77,11.09
28.07,79.35,144.03,268.15
22.9,69.66,143.35,241.84
21.56,78.73,299.49,261.2
21.71,67,403.7,539.67
19.78,91.5,521.92,403.12
25.36,71.83,560.03,268.09
19.99,81.36,353.03,573.03
22.43,64.27,558.25,336.83
26.77,82.05,542.01,485.21
28.19,69.52,486.84,99.75
18.34,93.48,202.15,453.78
24.02,73.8,286.6,112.81
27.13,81.26,429.65,384.84
29.95,67.55,592.08,634.56
24.65,90.15,353.92,557.25
31.57,88.15,680.9,204.97
21.72,68.6,505.93,67.91
18.19,91.89,301.57,323.53
24.77,61.41,445.63,192.29
21.59,86.34,337.54,622.34
29.53,76.03,648.95,473.54
21.26,89.24,148.04,556.94
22.35,76.29,252.77,694.62
29.08,62.3,176.01,188.22
28.01,67.93,587.26,724.02
25.81,94.8,230.83,21.83
27.87,71.7,550.85,504.82
23.86,65.61,445.73,637.19
18.07,88.2,601.53,205.77
18.16,61.58,697.07,215.18
25.16,62.32,209.46,673.7
19.17,70.41,207.24,132.38
18.72,61.66,489.01,50.61
31.52,94.85,141.06,130.89
30.03,84.19,594.1,94.39
20.13,78.19,338.45,258.37
18.01,88.18,351.38,153.82
31.18,83.19,451.79,33.04
21.9,66.06,318.42,19.44
20.6,67.69,294.14,207.13
27.68,90.37,238.88,282.65
19.52,71.79,536.92,113.64
21.71,75.67,565.8,303.31
31.65,73.69,472.7,667.16
26.95,61.82,256.9,712.82
25.29,84.66,522.96,533.33
23.57,78.9,211.56,103.4
28.84,83.66,629.4,630.67
19.97,69.74,378.87,612.72
31.54,74.24,396,513.32
30.06,66.74,238.41,372.79
26.65,74.69,477,306.6
18.6,82.87,691.33,486.47
27.81,93.06,461.68,240.98
30.79,83.22,498.36,84.88
25.34,78.38,287.32,614.13
22.96,74.57,308.99,460.76
19.68,63.69,233.89,548.7
28.57,76.7,418.47,302.28
30.39,65.43,205.83,359.09
19.4,80.38,478.72,403.4
28.63,85.56,389.88,103.21
18.24,93.13,482.1,167.85
31.54,70.39,161.02,286.54
26.61,73.89,632.75,645.02
25.73,66.4,339.58,523.51
22.14,90.73,240.02,741.06
31.01,88.84,410.45,309.91
21.72,87.12,659.3,402.83
29.59,62.01,522.69,741.11
31.79,79.49,317.25,607.03
28.97,68.23,296.23,652.22
25.27,64.19,503.55,108.58
18.93,87.36,171.51,666.86
24.61,67.41,331.94,117.36
24.14,77.53,397.63,442.87
20.84,78.41,561.1,532.15
23.93,67.46,308.8,339.37
23.01,77.23,579.45,34
20.29,61.85,573.96,56.59
24.18,60,131.29,154.99
21.68,90.81,230.44,22.6
25.31,74.55,498.97,549.09
18.49,91.76,407.7,249.61
30.69,77.37,136.03,239.62
29.43,75.09,328.6,228.25
25.74,70.36,482.95,523.85
29.93,62.86,695.18,547.14
31.47,70.84,239.99,87.44
19.55,81.3,208.58,531.06
26.83,86.7,331.33,248.43
31.97,78.93,439.53,238.95
31.83,86.54,505.41,571.43
26.45,65.52,329.27,420.24
19.79,80.41,252.5,638.22
26.16,90.89,123.03,114.06
18.03,67.63,226.4,557.94
20.78,67.97,178.04,9.59
31.39,86.2,260.42,387.87
22.63,88.42,307.09,161.77
26.94,68.68,165.67,472.49
21.93,71.6,355.39,270.51
31.27,82.11,217.22,553.28
28.2,73.95,457.19,733.72
22.62,81.84,339.17,102.54
29.08,77.38,491,330.11
19.51,87.08,570.17,580.69
23.49,89.61,169.13,212.61
21.1,90.23,341.84,669.73
27.57,81.4,687.11,181.92
19.43,81.44,121.34,26.11
23.56,75.74,386.17,624.96
21.87,60.97,391.97,222.4
25.09,70.47,597.76,293.74
22.9,62.23,288.33,605.86
27.89,75.32,570.1,390.7
18.34,89.73,121.28,154.96
26.88,80.89,404.64,381.1
21.23,83.64,305.21,640.58
21.76,66.58,588.73,298.68
29.2,69.17,353.71,304.22
31.38,65.71,160.53,306.19
22.43,89.49,530.86,207.09
29.58,69.81,127.67,425.76
19.46,79.68,313.96,265.29
26.88,64.94,409.03,446.94
28.51,64.34,550.21,426.52
20.18,72.17,301.58,496.72
23.96,71.56,180.38,452.1
30.5,71.51,598.65,208.39
19.45,81.03,125.7,731.55
18.25,71.06,626.42,380.48
26.27,86.91,181.77,462.89
24.1,63.17,192.91,355.67
29.18,71.37,216.41,159.78
30.93,83.42,206.04,406.92
22.19,81.1,580.97,437.86
23.44,64.18,590.37,173.79
24.81,75.38,218.29,556.6
26.23,70.82,185.26,594.69
31.77,82.12,452.04,248.73
27.76,64.55,525.83,504.79
23.45,83.47,444.24,506.64
21.69,76.23,136.06,188.83
31.22,69.62,564.33,71.13
19.9,86.16,534.23,364.58
28.08,66.58,536.01,631.44
30.96,65.33,240.18,54.36
27.31,60.54,160.76,314.89
23.92,90.15,698.42,402.87
20.79,77.23,397.12,504.62
23.14,78.09,541.22,736.86
27.9,64.02,175.92,214.19
27.09,63.77,412.86,687.62
30.99,71.68,412.38,379.82
30.14,78.07,191.26,609.33
29.43,84.53,323.93,607.44
30.76,77.47,637.05,488.61
21.87,89.1,520.32,203.89
23.17,73.21,544.37,610.79
23.32,60.98,629.41,703.41
25.85,74.92,299.97,569.1
27.36,62.98,578.17,491.96
22.01,71.27,175.99,542.51
18.27,94.48,454.98,168.15
23.59,90.01,429.81,734.15
22.32,68.28,370.09,332.62
31.19,73.16,241.32,444.57
30.44,75.09,367.97,678.51
30.04,86.74,609.68,262.68
27.14,61.17,543.81,601.75
22.82,61.35,375.55,117
25.68,64.1,681.2,576.7
29.41,81.99,575.47,698.54
19.38,74.51,145.67,676.67
29.22,89.71,555.43,297.5
18.58,69.94,536.75,171.31
29.43,77.12,148.55,593.22
29.31,84.74,657.4,223.63
18.71,79.08,390.88,312.99
26.78,71.09,258.69,27.87
25.03,65.34,379.97,279.16
20.38,78.92,603.59,144.01
20.08,64.98,265.29,536.33
28.83,92.88,650.17,117.81
25.95,78.9,157.55,116.97
31.76,66.12,171.83,455.46
31.75,85.22,467.61,78.65
31.9,63.62,415.68,640.36
19.66,87.01,509.47,343.31
31.14,76.01,145.2,448.81
21.42,64.64,270.94,33.43
24.41,61.3,527.82,33.35
28.6,94.77,319.75,622.69
20.85,69.6,296.7,170.61
25.93,93.33,595.47,95.87
20.6,77.56,581.72,316.04
19.47,77.61,552.09,376.72
19.63,63.19,484.02,353.84
23.01,93.27,673.55,522.35
18.07,85.65,132.21,5.31
23.95,78.16,208.53,627.7
27.3,64.21,386.74,67.52
23.62,66.15,282.8,67.43
19.2,75.13,290.15,622.86
18.88,72.68,688.57,6.72
21.89,79.53,145.65,157.56
20.37,62.67,135.02,10.24
31.51,61.41,662.38,178.92
20.12,77.89,212.85,490
29.28,61,144.93,202.75
26.21,62.08,385.96,79.91
25.97,73.17,631.5,486.69
25.17,62.16,297.52,43.95
31.6,73.49,660.71,455.52
23.09,68.46,621.86,291.71
29.03,66.57,282.64,666.92
25.77,74.16,372.55,135.95
23.54,64.2,655.77,393.84
31.38,72.24,191.51,351.65
26.38,75.22,155.9,392.15
19.66,89.05,229.46,441.47
23.85,92.65,250.86,474.72
28.94,70.79,224.05,322.05
27.71,70.24,138.39,392.59
30.83,79.83,536.24,255.34
21.63,64.81,213.93,425.56
28.61,72.24,384.13,227.01
24.44,61.86,189.83,490.04
26.03,73.27,332,297.49
31.37,64,350.53,727
31.71,79.66,649.53,288.81
30.06,82.46,529.08,341.73
23.03,94.55,645.56,5.13
30.43,66.83,403.68,302.99
26.94,67.25,218.22,130.95
24.02,93.16,357.59,429.47
18.5,90.26,464.33,229.4
28.78,81.56,433.92,448.85
25.03,89.45,639.86,668.77
29.01,67.34,463.58,132.06
28.47,90.59,268.85,347.35
29.11,90.36,672.5,681.44
22.21,68.68,220.88,145.52
29.21,77.79,396.33,259.4
25.68,92.54,634.84,644.86
24.63,83.77,531.75,470.93
27.45,83.12,430.52,475.31
18.3,79.59,518.94,432.09
19.43,69.41,373.92,649.15
22.09,94.24,350.15,311.88
31.76,75.66,484.15,268.14
19.96,70.9,547.46,503.16
22.63,85.5,663.73,602.01
18.71,81.27,605.2,68.48
22.64,71.98,677.2,49.68
22.48,70.63,187.21,610.9
31.26,67.51,693.89,707.65
29.83,62.75,236.18,585.45
23.36,81.9,166.92,745.79
18.35,77.7,500.95,718.29
29.63,68.22,510.62,554.93
27.25,61.93,684.82,477.84
20.13,60.66,567.19,276.13
31.94,85.85,347.74,172.27
19.4,66.59,468.06,717.45
30.14,69.33,473.48,83.6
22.12,60.49,563.94,679.43
24.09,65.27,457.04,507.51
29.14,90.61,344.14,122.95
27.49,68.47,515.25,247.73
31.13,93.39,259.26,41.42
26.7,65.75,322.74,585.64
19.37,68.86,161.55,481.5
30.38,90.37,593.41,580.7
28.77,74.93,161.18,728.33
27.97,69.37,293.3,152.33
18.75,84.25,656.87,487.86
23.55,61.79,444.46,299.96
20.34,91.17,246.37,254.4
29.51,89.45,695.87,381.26
27.81,63,630.82,338.65
30.36,87.95,159.54,401.15
31.53,93.64,253.57,638.79
28.85,77.22,492.51,7.57
31.92,79.89,235.31,100.16
26.61,83.79,431.56,708.77
18.52,69.34,216.2,412.11
18.2,82.74,510.17,300.69
22.79,76.62,428.12,41.63
29.53,74.19,682.27,370.38
30.13,91.6,197.61,593.26
31.45,87.93,427.82,48.32
18.91,92.71,300.8,332.74
18.62,89.28,475.36,120.59
30.79,61.46,237.89,664.11
22.27,81.23,656.73,181.42
25.81,84.42,373.99,431.72
31.75,83.27,370.43,717.38
23.61,69.52,576.07,322.92
27.32,74.9,646.36,22.58
23.61,61.37,406.5,179.02
28.75,63.29,567.35,83.32
25.39,79.62,203.49,385.76
21.33,80.38,266.4,601.17
21.8,67.04,521.93,615.6
21.61,75.69,657.51,676.43
25.45,76.52,187.98,650.1
27.84,60.4,197.94,413.34
31.29,64.99,685.63,553.27
27.72,81.85,172.92,640.97
28.94,94.75,144.88,89.84
20.36,82.76,428.42,733.49
23.24,64.21,250.16,716.35
23.79,88.75,292.62,543.86
27.61,75.1,478.38,518.46
22.14,62.93,323.72,328.49
22.25,80.99,697.48,312.6
22.98,67.98,252.37,350.8
29.34,74.59,621.86,76.73
26.09,71.14,627.63,36.72
19.05,82.5,373.8,398.41
19.1,75.09,698.46,187.84
23.2,63.64,284.02,539.66
28.73,67.55,172.82,183.15
27.64,77.52,448.97,543.11
27.91,87.62,124.33,179.45
28.74,60.34,395.01,496.76
22.02,81.43,605.35,749.3
25.68,64.06,363.43,493.99
25.61,81.14,238.32,173.66
28.35,89.29,268.28,64.26
31.4,68,650.01,49.4
21.89,77.34,504.08,696.11
29.11,87.09,213.56,489.98
27.24,66.15,388.65,665.62
26.12,65.34,476.46,405.93
28.85,91.68,412.98,240.51
31.22,84.31,575.35,334.67
18.51,85.78,123.65,72.01
20.06,89.54,283.02,154.49
28.59,78.88,453.26,242.83
19.17,77.09,432.56,210.83
25.23,79.47,180.37,75.97
21.08,85.1,221.63,506.71
21.84,73.68,556.72,512.32
27.83,63.33,430.18,110.15
18.42,64.75,491.18,415.07
30.23,94.09,593.72,175.47
24.22,61.81,458.62,368.87
25.03,84.91,302.09,355.85
25.56,93.03,423.49,20.48
27.04,64.52,195.63,192.27
22.83,85.28,277.8,549.25
19.42,70.59,499.98,151.45
22.46,68.29,143.84,730.62
20.35,89.84,120.49,709.07
25.79,91.83,634.5,308.67
22.45,72.15,679.31,90.88
31.41,82.14,645.26,458.7
31.52,66.16,244.97,204.13
26.68,87.64,557.7,510.01
26.64,90.84,384.75,115.73
31.8,71.15,161.15,172.26
30.42,82.85,581.09,652.04
28.71,90.67,588.74,700.57
22.39,60.54,538.75,636.4
23.12,89.95,698,126.28
20.82,80.02,695.43,39.22
24.82,74.49,224.06,156.08
31.87,78.29,581.34,312.17
30.77,88.84,502.7,711.81
19.66,85.27,541.35,638.85
18.35,77.54,694.72,611.24
30.58,77.07,605.24,225.73
25.52,91.47,347.08,150.85
20.8,68.13,663.73,240.22
27.43,63.35,627.6,536.86
27.02,83.75,529.62,683.51
19.71,84.58,663.44,21.26
21.63,79.89,388.11,335.56
18.84,69.19,533.69,298.73
20.94,70.36,122.37,626.09
19.85,81.6,449.78,642.37
20.71,69.55,539.74,545.66
27.6,77.49,342.15,441.06
18.69,71.62,623.39,82.77
19.43,77.87,401.34,272.61
19.88,68.03,283.88,212.73
22.43,66.93,438.68,309.7
22.18,85.69,645.2,585.99
21.57,73.5,515.82,465.53
28.51,68.14,671.05,669.74
31.97,90.04,379.62,255.65
25.48,74.06,501.92,135.08
31.22,64.06,484.47,589.84
23.55,84.78,258.69,149.45
19.49,69.8,551.85,479.78
23.72,79.78,159.44,690.71
22.15,81.83,453.57,467.86
24.91,93.69,223.25,631.54
27.2,66.69,229.24,430.29
24.45,69.95,688.3,561.71
31.09,92.63,343.02,439.84
30.39,85.14,421.37,404.7
27.83,75.73,505.77,633.91
24.86,85.72,409.01,85.88
19.84,74.47,541.01,129.52
23.56,74.35,135.1,140.68
27.86,65.47,512.49,294.14
21.99,78.27,308.15,572.12
19.46,69.19,630.03,423.36
30.71,82.18,203.18,354.11
27.93,73.95,137.77,408.5
26.61,89.88,155.35,598.79
29.09,87,422.87,296.03
29.7,65.18,244.84,201.04
24.77,80.69,556.84,718.94
30.34,84.98,152.21,588.19
30.83,78.01,256.2,634.15
21.8,63.99,601.54,583.39
26.51,77.61,146.47,35.13
25.37,75.15,576.82,623.54
25.53,71.4,184.82,547.86
31.13,80.39,608.8,575.81
22.27,71.37,574.74,694.83
31.77,68.24,246.88,76.42
30.63,85.76,353.14,305.03
24.42,67.47,385.64,702.24
29.44,88.19,348.39,98.76
28.77,94.27,242.4,396.06
27.49,75.44,251.17,232.31
22.48,88.43,520.6,746.29
20.75,65.89,207.9,14.26
27.4,87.91,283.55,690.14
29.8,93.69,156.55,323.98
18.23,78.1,246.5,463.78
27,68.95,141.93,667.9
24.2,65.63,525.04,309.5
30.57,92.08,354.57,664.2
22.5,71.36,339.05,498.72
24.64,77.4,401.67,168.78
25.21,75.17,271.55,97.3
19.97,75.23,328.99,455.78
27.98,86.78,462.76,569.22
29.63,92.73,250.22,81.41
18.81,82.29,387.94,297.37
22.08,93.5,453.46,470.46
18.53,66.67,200.09,96.79
31.39,79.74,298.04,703.28
27.34,83.99,440.28,352.47
31.5,85.02,352.73,399.76
25.44,86.45,535.28,122.49
29.23,71.66,254.17,363.26
23.24,90.88,393.02,245.68
22.95,64.61,596.21,14.98
23.3,69.75,202.81,429.24
27.21,76.4,639.06,225.92
23.03,80.72,379.4,459.36
30.61,70.33,398.31,674.58
31.77,91.77,488.83,269.79
18.43,75.81,434.26,567.24
20.71,63.51,597.49,609.99
19.57,88.67,228.25,85.96
18.59,93.79,195.34,617.2
21.19,72.12,272.82,176.19
24.26,79.41,698.73,642.1
29.72,80.41,177.34,436.76
21.11,88.06,427.66,67.89
24.92,65.31,568.56,162.23
31.01,89.44,602.91,88.42
27.34,85.26,675.31,572.42
29.17,61.22,697.2,576.7
25.71,79.84,440.31,96.48
31.73,60.98,259.66,677.94
26.24,77.38,421.54,436.41
18.64,80.98,546.9,310.32
20.77,82.22,396.47,591.81
23.67,92.44,277.94,398.15
26.42,70.4,596.81,668.94
28.81,89.56,600.89,503.71
23.78,75.83,439.38,606.19
27.94,83.34,468.9,375.82
29.06,88.28,417.85,550.65
22.44,85.34,573.64,34.31
31.71,87.84,634.51,43.01
27.1,82.26,121.17,148.14
30.33,88.03,684.7,504
25.78,91.82,319.59,322.49
28.38,91.65,351.49,53.23
28.79,71.48,333.26,311.21
30.72,94.02,609.73,535.22
20.1,62.02,547.34,501.76
25.82,81.57,223.77,169.96
24,77.33,356.69,482.06
30.92,68.07,121.58,382.16
19.47,78.73,585.81,725.17
31.76,62.31,257.04,712.94
30.26,79.38,168.15,86.68
19.03,89.91,503.25,665.4
24.87,64.93,247.08,96.81
28.05,71.39,438.42,24.89
28.33,82.09,213.5,205.02
30.69,72.58,578.26,487.8
29.2,74.53,689.54,511.43
22.35,71.85,182.35,335.94
24.98,76.89,608.02,123.82
27.83,73.06,404.08,707.83
19.94,65.05,149.82,335.57
20.72,66.96,422.36,337.32
24.73,62.77,399.52,607.85
22.18,76.37,637.02,148.4
30.08,89.59,317.43,345.46
26.21,63.17,559.35,404.27
22.88,83.06,196.74,463.85
29.88,74.71,345.33,122.56
29.27,90.5,432.83,12.35
31.98,72.72,225.28,528.52
29.86,84.31,234.71,46.11
23.8,73.97,262.3,715.58
19.78,78.97,550.82,240.81
29.77,87.12,667.22,493.11
18.84,93.87,193.75,547.62
22.9,64.72,437.81,404.79
30.88,78.52,205.32,256.91
31.45,64.63,151.47,81.46
26.97,61.07,142.89,712.28
27.64,86.18,368.77,484.97
18.59,94.41,366.69,288.22
25.2,80.84,505.23,110.91
25.66,62.54,346.16,713.99
22.76,62.16,253.24,270.22
18.96,71.01,175.86,20.2
21.2,73.33,451.27,612.94
23.01,60.14,246.06,636.07
24.09,89.49,338.75,340.84
26.27,76.4,130.17,224.38
28.11,94.85,264.44,354.83
22.45,90.95,497.58,141.63
22.61,77.53,191.42,349.75
18.28,81.95,503.59,645.7
18.57,71.01,619.04,726.06
21.61,70.62,624.23,351.26
28.36,64.56,211.29,409.9
26.8,79.09,391.05,646.66
28.78,62.86,638.85,522.78
28.76,75.64,543.36,24.2
29.99,71.26,622.5,579.43
28.08,87.67,344.4,495.84
31.71,73.35,409.43,571.07
30.58,91.55,639.17,54.25
26.21,66.63,368.83,595.26
26.23,92.57,508.7,281.12
18.48,80.77,366.26,59.8
31.98,64.21,530.64,70.01
19.84,77.58,475.67,533.3
28.36,69.38,376.13,714.31
29.49,86.22,438.43,338.95
23.22,82.8,466.93,632.59
20.76,62.2,629.85,618.47
19.38,74.61,512.59,179.21
28.48,91.05,533.98,190.76
24.34,74.27,682.56,506.26
27.99,86.03,159.24,413.78
30.82,63.97,228.82,396.56
20.05,90.34,304.51,601.65
30.87,77.59,668.72,83.94
23.76,93.17,252.56,482.39
22.27,78.81,447.75,350
31.2,86.92,188.3,447.07
31.87,94.02,276.99,104.3
20.78,85.53,280.14,163.55
27.2,80.2,530.91,744.99
19.49,72.83,183.12,237.57
27.11,61.49,559.05,176.47
29.58,75.14,296.06,484.33
27.58,74.44,545.41,301.99
23.84,88.81,332.61,638.08
23.36,66.62,367.31,526.58
23.5,85.99,192.98,240.65
26.26,61.31,181.97,601.42
30.34,91.02,434.27,230.02
31.01,83.38,489.5,448.32
18.75,74.79,173.44,679.27
20.54,69.29,200.87,521.57
19.57,66.45,138.82,630.3
20.71,80.5,214.2,457.89
22.85,74.36,249.09,725.71
25.09,86.01,520.61,167.1
26.81,91.74,157.82,128.74
28.25,70.35,518.7,434.11
30.46,82.75,355.15,313.87
31.85,74.8,202.91,220.24
27.28,61.5,689.75,588.95
29.84,81.54,412.48,125.47
28.89,72.73,290.63,556.05
22.31,60.48,152.19,284.71
30.26,76.53,302.31,714.62
18.6,63.21,475.22,504.84
18.01,81.99,262.55,647.53
21.83,78.43,450.16,70.38
24.47,77.51,281.4,570.56
26.94,92.79,145.78,150.11
19.42,90.81,359.64,151.81
27.42,84.99,326.84,160.29
29.23,80.21,262.62,125.94
20.59,68.83,426.8,191.22
23.81,60.29,345.98,11.55
25.28,64.19,670.97,192.98
24.33,71.21,480.31,505.4
29.2,66.89,327.73,165.91
31.45,79.95,244.32,22.56
29.19,78.72,505.77,464.42
19.09,73.64,653.67,314.7
29.27,88.02,483.73,677.94
18.93,85.59,601.05,142.36
21.3,84.08,516.85,32.23
20.14,77.59,669.37,706.19
20.77,61.52,356.18,467.15
25.4,74.98,568.18,204.84
27.4,77.47,415.33,330.65
24.58,75.67,148.71,221.69
31.44,60.16,127.69,65.07
21.36,82.84,366.57,582.21
28.68,69.01,502.79,605.37
30.18,61.56,620.7,461.15
25.87,77.62,138.92,549.29
24.39,92.22,666.27,663.86
26.35,61.03,633.16,133.55
24,60.48,626.7,597.49
25.77,80.57,492.75,538.89
23.84,79,390.66,521.62
23.61,60.55,586.32,645.31
27.73,63.61,239.58,736.77
19.3,89.27,289.53,143.66
20.33,75.84,220.16,83.5
29.92,64.35,698.83,686.78
28.8,65.46,231.47,191.63
21.94,81.4,526.44,157.94
23.28,71.5,388,48.94
30.96,60.9,139.31,319
29.45,82.26,167.13,525.67
26.6,61.13,659.07,446.48
21.1,63.86,551.83,77.52
18.62,65.56,436.69,87.01
24.04,65.01,241.49,425.68
27.42,86.65,123.69,724.41
29.6,63.27,568.14,114.4
29.94,65.2,301.13,309.75
18.46,75.65,244.14,386.98
21.42,64.9,219.94,492.66
22.75,86.14,589.1,78.8
20.64,77.07,479.97,8.14
29.24,90.79,491.95,575.45
28.74,61.33,656.75,433.78
25.24,89.93,637.24,29.42
31.76,65.38,514.67,4.63
20.02,92.4,677.4,501.14
30.6,71.41,252.8,190.13
19.63,77.88,131.37,645.5
20.28,60.83,654.59,672.15
27.75,85.52,273.31,87.63
19.53,67.48,684.4,503.87
25.92,92.08,249.94,490.51
23.88,83.16,281.51,598.36
28.2,69.93,647.48,498.01
30.61,69.13,591.34,566.98
28.78,65.97,176.49,461.69
29.9,88.07,453.77,73.7
18.46,75.35,211.5,445.75
22.34,69.69,161.57,273.92
25.22,93.35,475.18,346.62
23.82,88.08,165.27,317.65
21.24,80.52,393.7,737.63
22.31,88.09,476.42,346.57
31.24,64.2,664.68,238.9
22.12,83.53,654.34,338.18
22.95,71.35,472.33,41.94
18.05,84.06,411.57,663.71
29.83,93.66,497.23,749.42
20.17,87.31,656.48,122.62
20.86,79.79,694.75,433.41
21.57,86.09,139.19,60.44
30.38,76.39,682.34,608.92
20.89,69.8,585.85,431.81
29.17,61.42,163.5,101.01
29.31,83.7,584.1,44.7
30.98,64.99,504.33,306.05
19.62,76.08,645.33,202.01
21.04,83.34,385.52,384.5
28.4,91.2,411.94,52.63
20.74,81.33,605.64,306.84
22.01,67.62,400.6,299.66
20.33,76.59,425.29,180.61
20.42,83.37,261.73,471.88
24.74,66.84,311.65,557.79
19.54,85.63,286.84,571.34
22.5,86.73,146.48,536.38
23.97,78.29,458.16,138.39
18.34,90.06,608.74,257.74
23.44,67.87,566.78,153.31
19.32,78.82,263.02,61.55
24.91,91.3,460.06,567.93
29.56,84.65,404.45,708.45
29.46,88.24,593.6,406.45
19.13,67.77,325.02,559.23
26.42,80.05,141.23,114.86
29.68,71.34,634.62,494.13
21.33,83.06,508.76,356.65
28.67,78.29,225.48,442.05
30.47,81.89,239.31,376.34
29.29,81.62,350.96,420.04
19.5,85.78,396.31,660.44
18.13,87.96,311.57,734.49
20.68,62.17,419.09,466.2
21.79,93.19,637.62,95.21
26.63,74.23,485.38,398.58
23.38,65.95,334.33,459.48
27.85,92.27,619.06,53.79
22.94,87.44,523.52,432.4
20.16,74.71,464.36,636.59
22.38,81,419.58,485.67
30.38,67.92,170.95,551.13
31.42,74.46,463.9,418.46
20.91,74.03,350.99,324.04
29.04,86.39,439.19,656.39
21.83,75.11,191.96,611.02
30.42,86.42,575.98,365.36
20.32,87.65,416.93,581.66
27.32,73.5,601.94,493.52
19.18,75.4,239.95,236.01
31.63,78.23,664.09,121.52
27.81,60.12,455.35,103.71
29.79,66.83,163.9,149.04
25.93,89.65,301.96,60.24
24.68,86.63,689.96,245.63
26.71,62.7,475.73,42.62
25.4,82.22,363.45,194.2
24.57,60.73,651.1,731.65
28.63,78.7,329.55,747.82
20.49,65.65,553.34,468.32
20.4,89.87,204.83,4.96
24.05,81.52,524.35,540.53
22.49,62.24,405.04,706.79
19.04,82.44,366.28,484.62
29.82,91.23,254.33,38.88
28.8,85.68,692.72,94.72
25.61,64.03,191.7,474.35
31.71,83.28,238.03,669.69
19.02,81.37,338.9,426.48
28.73,82.1,196.05,173.97
21.73,87.83,662.49,534.88
23.16,70.65,648.02,205.54
21.07,72.44,374.15,190.86
29.05,67.06,405.59,337.45
20.02,76,156.01,446.58
29.76,74.34,606.84,561.27
27.26,62.94,572.68,155.48
18.83,68.49,348.11,186.74
29.35,64.2,396.71,343.63
26.79,79.41,502.43,487.45
30.67,66.55,390.04,181.67
28.48,71.4,278.45,24.59
25.86,88.6,292.54,433.78
29.71,80.01,420.04,578.47
21.89,78.19,696.83,370.96
25.66,93.05,404.16,306.54
22.11,75.31,152.36,540.76
31.55,90.93,664.44,673.08
21.17,80.22,297.46,107.88
18.22,74.19,143.1,333.93
22.56,72.11,161.93,243.78
25.04,91.62,219.26,254.78
18.4,79.78,487.81,38.71
25.83,68.81,333.43,676.53
30.24,78.18,652.03,670.58
27.87,68.74,580.1,200.8
26.72,68.42,306.09,495.52
31.38,64.52,691.95,295.98
31.42,84.13,506.57,647.53
29.54,87.34,130.11,105.12
26.51,71.33,388.59,346.93
24.83,74.33,647.99,374.34
18.19,87.76,291.66,498.47
26.49,60.57,657.58,318.03
31.85,71.65,476.91,147.55
29.45,70.77,458.17,686.57
22.77,79.02,332.18,253.96
20.13,91.32,675.02,320
28.98,61.42,369.76,68.45
28.42,89.5,487.94,408.67
31.54,79.5,489.51,101.01
30.25,80.57,493.17,575.62
25.78,93.49,297.5,116.47
19.42,64.49,621.55,54.53
24.77,69.68,464.29,277.68
22.39,68.05,345.3,344.7
25.17,76.41,306.92,430.45
22.22,80.29,185.94,743.24
30.07,85.48,473.94,432.08
29.82,61.86,573.91,714.77
22.42,74.91,365.03,266.42
26.39,92.35,651.08,12.84
24.02,76.19,192.81,93.56
30.73,88.62,402.98,612.74
20.62,63.92,492.61,414.82
27.77,70.14,450.37,353.42
31.59,85.74,635.91,327.04
20.45,81.75,516.74,606.35
20.83,75.51,598.52,208.43
27.71,83.41,504.03,295.03
28.91,86.98,319.66,725.96
24.87,91.41,278.1,411.65
26.54,75.41,322.98,511.57
20.98,82.49,356.74,574.23
24.67,73.35,599.55,541.74
19.57,92.45,532.34,9.43
22.5,76.82,599.57,641.45
21.99,74.37,656.58,265.84
24.22,92.88,592.58,82.75
31.02,60.07,678.12,649.2
20.54,71.62,670.92,717.29
23.62,89.34,306.16,91.07
26.62,75.8,347.54,682.06
31.25,72.19,453.62,446.82
19.86,80.57,520.52,48.39
30.85,74.16,389.53,119.18
19.13,71.53,576.91,267.55
24.73,69.31,486.56,109.39
24.36,70.96,465.6,460.82
20.93,92.35,204.33,194.46
22.86,93.59,219.36,290.25
24.36,63.46,301.71,638.56
30.11,85.74,678.24,10.11
31.37,83.02,164.2,563.86
25.26,82.08,676.95,652.73
30.18,61.15,396.72,536.43
26.51,69.57,372.86,531.61
22.89,86.11,611.19,331.24
20.72,77.35,602.26,256.46
23.78,60.84,197.71,21.69
25.32,78.43,590.81,250.41
18.62,89.67,416.21,518.26
20.04,90.74,307.41,596.41
26.4,91.45,182.86,448.86
21.15,78.46,463.49,717.01
29.72,76.34,572.59,122.46
22.58,68.55,633.69,436.35
19.47,90.31,683.54,93.18
19.17,88,191.45,389.68
31.12,90.23,350.13,449.1
19.65,67.91,148.23,431.21
19.97,63.43,488.73,221.38
30.08,84.45,634.85,514.12
21.56,91.96,518.61,545.63
27.32,92.08,345.45,360.33
29.43,78.5,560.76,203.44
26.5,82.47,698.04,398.79
31.4,63.92,120.65,602.21
27.92,69.64,600.27,748.05
19.58,78.82,309.24,571.2
25.82,90.83,553.3,303.63
28.05,76.94,257.48,693.75
29.23,80.74,237.06,399.38
18.37,61.94,589.57,643.09
28.06,93.76,565.09,620.33
29.56,77.23,590.51,44.71
28.46,65.61,559.26,620.09
25.17,71.86,175.6,335.23
24.41,77.97,632.07,527.47
25.69,64.85,339.02,257.13
27.87,66.88,247.41,271.62
30.92,92.06,449.19,676.41
26.64,90.54,320.6,535.24
30.43,64.28,531.72,707.82
27.82,69.76,522.88,63.08
18.96,82.25,613.06,49.44
25.01,69.09,696.26,100.76
22.01,60.07,583.75,607.02
21.99,84.54,202.1,297.98
22.98,66.76,562.33,334.12
22.41,71.37,448.8,36.22
26.1,69.94,446.65,282.69
27.57,65.33,315.6,249.32
21.76,64.75,213.23,447.81
19.82,65.07,220.37,546.76
18.82,93.86,153.41,15.12
26.06,85.44,587.1,82.72
20.61,92.9,551.49,411.34
18.13,80,616.9,130.15
30.99,71.59,528.4,556.12
25.52,65.74,217.32,321.8
19.29,76.92,546.86,248.88
29.8,77.27,443.55,610.72
31.76,87.21,183.03,475.86
24.28,78.5,644.97,360.18
18.59,66.82,643.34,486.44
19.65,88.5,484.16,706.54
23.34,65.18,363.39,427.67
30.4,78.51,258,737.22
20.07,61.49,176.61,314.65
29.54,72.92,587.48,560.76
18.21,83.52,680.72,263.48
24.4,64.85,128.14,626.91
27.02,78.37,398.03,152.62
18.85,78.86,181.5,451.52
26.61,91.83,362.75,655.46
31.22,76.33,456.76,197.1
20.24,62.74,368.88,572.37
28.21,65.11,129.99,99.88
26.53,69.65,692.95,734.89
20.59,87.96,656.97,264.5
18.09,68.93,567.98,488.55
18.13,81.33,352.39,162.42
25.45,62.74,519.9,712.61
31.2,67.08,531.67,427.18
27.02,81.67,317.35,735.99
28,63.43,143.02,740.98
24.91,85.04,480.94,73.81
26.15,75.72,669.89,85.44
19.77,69.79,553.72,126.62
30.28,90.59,252.23,113.98
28.65,83.56,442.37,666.7
31.97,62.25,346.32,339.82
22.17,83.46,436.97,32.31
21.18,66.94,539.95,168.61
19.75,92.21,402.3,419.7
31.5,65.38,649.14,288.01
28.93,81.58,521.43,143.76
20.33,68.48,324.34,635.28
25.74,92.98,475.15,79.93
23.79,71.36,384.12,59.14
20.12,80.64,579.38,36.29
20.27,64.53,124.32,329.13
31.49,76.78,459.63,386.23
22.27,81.31,133.63,307.32
31.18,86.97,688.01,273.85
19.06,79.5,414.37,300.65
24.45,84.63,281.7,358.73
19.81,90.07,184.21,331.42
18.07,70.45,318.18,577.8
25.75,71.91,487.77,380.63
19.59,61.04,684.28,239.88
28.11,79.4,174.75,180.65
27.77,94,241.94,44.24
20.47,85.76,280.63,448.72
31.18,94.74,564.28,425.41
28.09,75.9,165.8,633.31
22.17,86.16,638.75,11.58
27.93,65.64,247.01,557.15
28.25,74.77,536.46,563.25
22.79,82.53,561.12,599.63
23.26,75.76,637.99,553.58
23.03,61.04,240.37,202.07
26.63,71.09,539.5,376.74
30.61,83.66,324.78,600.42
20.42,73.83,345.21,451.63
30.25,75.69,414.82,498.48
18.39,89.97,196.08,206.35
27.24,69.43,328.06,362.21
23.8,81.56,665.48,104.59
29.08,89.6,224.76,485.85
28.1,88.25,302.8,48.41
24.72,68.36,588.22,296.93
27.01,61.79,264.99,718.79
25.02,69.69,215.58,332.7
29.36,66.17,230.5,524.06
24.67,60.97,691.69,341.28
25.32,70.65,359.72,673.29
21.51,78.23,349.66,373.89
26.47,82.76,559.07,108.72
22.24,73.23,156.39,212.54
26.08,67.15,218.33,634.66
20.38,79.93,537.53,55.85
20.23,86.33,305.4,653.33
23.84,84.32,526.97,141.79
23.98,89.99,133.26,385.75
21.75,69.24,462.41,652.03
19.84,77.61,435.66,672.74
18.55,77.1,204.02,8.21
18.35,71.26,188.87,261.07
21.8,84.02,658.33,734.9
24.47,64.7,412.91,30.51
28.17,88.18,148.94,252.09
24.65,61.28,206.16,35.92
30.66,73.59,510.08,58.9
18.49,81.26,396.52,506.11
20.53,74.85,466.64,615.41
22.74,82.95,385.8,441.3
26.08,61.36,656.8,186.16
29.94,90.35,598.64,350.47
22.9,62.72,688.48,296.64
21.75,70.07,664.76,272.68
18.87,70.27,542.64,107.87
29.5,60.41,150.47,305.95
23.32,63.29,699.48,705.07
26,89.82,394.52,179.46
31.77,87.15,155.38,113.22
18.02,85.83,695.03,203.81
20.04,84.13,450.82,42.44
28.91,62.61,386.22,110.16
29.27,70.45,131.48,608.36
28.77,60.23,368.47,421.48
25.52,62.12,226.3,180.75
31.7,61.33,536.99,166.63
23.55,66.96,124.56,179.68
26.43,61.97,429.16,232.61
18.89,60.59,145.36,475.48
23.74,68.57,534.6,228.58
28.12,87.96,672.75,745.85
21.34,61.97,145.13,58.52
31.21,94.46,179.79,479.61
27.61,83.02,419.04,506.4
22.03,90.34,689.83,299.42
28.77,83.12,358.64,515.76
19.16,87.19,477.03,36.57
31.65,70.53,561.76,325.05
18.69,69.01,658.19,434.12
31.07,83.25,222.67,325.92
21.54,79.71,648.63,380.5
28.61,77.7,483.33,107.19
18,66.2,587.25,12.09
21.56,68.07,291.42,187.74
28.49,79.24,410.06,59.16
25.45,74.35,241.2,139.18
19.61,93.69,615.67,668.8
23.51,79.35,238.66,498.12
23.26,75.11,438.03,300.32
25.95,93.27,362.39,728.53
27.35,63.21,148.76,533.35
29.77,69.51,359.05,645.47
24.96,72.12,574.95,325.38
23.49,89.87,426.78,445.84
20.02,86.82,296.78,116.71
29.27,70.66,378.34,310.17
27.99,90.54,569.07,694.36
23.72,62.19,507.53,288.19
25.26,77.27,184.32,723.69
27.31,82.91,428.12,609.97
20.31,70.93,235.24,693.65
18.38,62.42,687.48,672.06
22.45,69,548.4,634.35
26.34,76.93,166.98,56.73
24.81,71.13,263.97,536.41
27.7,74.55,165.31,728.1
29.48,63.26,334.66,456.98
24.84,60.5,597.16,190.42
19.88,90.72,158.72,450.62
29.91,62.73,215.91,199.6
26.05,70.25,275.12,647.43
28.36,83.24,481.97,218.16
27.87,89.56,685.32,703.23
31.55,71.24,597.18,372.71
22.13,82.82,236.54,623.63
27.87,76.52,531.84,274.59
23.12,61.79,442.7,40.16
23.54,74.29,405.14,578.42
21.23,61.04,646.86,115.58
22.82,93.75,461.12,425.87
31.28,86.68,199.58,376.76
22.1,71.88,215.68,500.7
21.44,68.22,654.74,253.69
26.16,74.01,166.52,70.17
21.61,71.07,199.99,4.49
24.63,72.98,498.81,168.67
29.68,92.16,250.12,220.15
21.23,74.16,599.14,16.88
23.97,85.95,361.28,608.09
26.55,65.49,399.79,447.94
25.64,78.68,194.61,45.01
31.65,77.28,136.33,495.33
27.53,80.69,560.36,730.08
28.36,83.8,162.91,626.04
31.54,90.14,491.29,413.03
23.8,68.05,431.77,632.97
22.98,73.35,420.72,697.93
18.61,62,293.82,622.3
20.58,81.85,558.5,162.15
21.32,92.72,352.36,646.93
20.57,73.87,207.73,428.15
28.57,94.01,152.51,9.38
25.5,80.93,318.68,715.91
27.35,67.39,472.67,285.99
29.49,78.53,247.79,743.53
21.23,82.4,550.48,109.97
22.56,83.32,183.06,249.84
27.92,82.33,393.74,371.53
23.5,66.64,431.29,715.91
18.41,67.29,596.19,648.32
24.09,68.45,188.41,671.43
30.72,85.65,120.97,126.01
23.73,77.48,429.55,391.14
22.65,83.49,207.42,200.62
31.85,87.98,451.58,143.81
27.02,79.74,139.08,21.52
23.12,76.49,404.59,237.28
19.43,74.09,346.63,246.67
29.03,78.77,210.62,154.47
27.91,65.24,391.35,96.11
30.91,87.53,396.76,188.52
21.04,91.95,159.37,650.88
19.61,88.43,512.61,598.1
28.14,88.77,649.95,165.63
20.85,89.03,475.8,304.05
20.47,66.15,483.77,277.57
22.48,94.85,554.07,513.11
29.44,83,662.92,415
25.55,74.73,689.84,502.53
18.64,91.08,405.76,526.7
24.49,80.38,668.1,401.3
27.58,94.78,328.36,253.72
25.54,86.32,542.03,480.91
26.01,72.86,663.34,72.47
21.15,85.99,129.42,351.3
29.87,85.55,653.92,643.54
25.86,70.95,633.33,255.45
27.99,90.95,239.18,520.68
31.75,64.93,357.63,439.95
23.99,72.78,191.29,142.79
30.33,82.27,553.37,696.98
18.1,76.77,570.9,730.57
18.47,83.74,630.95,477.71
26.26,94.91,376.04,666.78
22.36,62.73,485.44,348.69
21.48,86.56,609.32,440.29
21.89,88.61,174.16,131.78
22.46,69.88,189.11,120.72
28.21,68.93,594.32,737.7
25.97,75.45,376.34,85.07
29.05,73.78,585.66,347.27
29.62,77.77,120.09,189.92
29.8,67.41,186.72,441.05
23.81,77.28,333.64,502.35
23.9,88.45,350.64,20.31
30.97,90.9,603.58,524.49
27.26,83.34,415.67,597.5
19.13,70.08,652.42,235.22
25.59,90.56,366.32,509.08
22.98,74.74,158.84,338.1
31.82,68.11,385.62,316.72
18.19,64.71,358.39,101.69
26.57,93.66,438.69,268.3
28.13,63.08,491.1,421.3
22.04,78.54,154.16,367.04
31.63,67.08,478.17,220.21
30.03,90.39,196.72,372.97
30.82,66.81,370.45,706
18.27,85.78,637.55,115.61
25.98,65.78,197.63,547.91
22.13,92.83,241.08,340.48
29.89,83.22,365.35,336.63
26.86,74.53,155.03,242.12
25.54,93.69,286.04,668.36
19.6,78.34,164.93,551.81
25.56,73.44,396.69,74.43
26.85,65.69,452.56,572.41
31.38,85.24,554.58,162.4
26.19,80.87,655.48,242.18
31.54,67.8,373.82,202.77
31.46,68.75,484.13,720.53
27.1,67.71,154.84,159.85
25.08,77.35,395.68,167.63
24.52,61.66,624.6,318.85
30.47,70.12,463.52,274.56
18.4,85.78,337.56,414.65
19.59,81.74,171.76,212.56
19.43,88.65,409.18,554.48
28.6,86.07,652.85,155.68
22.76,60.74,162.86,330.25
26.93,79.93,427.91,483.66
26.45,75.34,367.27,209.44
23.4,72.65,560.49,132.55
25.44,94.73,207.67,193.09
27.03,82.99,219.29,216.03
31.17,68.79,535.28,570.68
26.06,78.65,514.38,588.66
26.6,63.33,420.26,84.09
18.95,86.08,122.64,595.3
31.33,72.17,616.29,474.64
25.39,65.91,692.69,251.16
29.22,65.68,507.12,682.82
18.7,60.53,661.27,400.27
23.89,87.23,559.53,600.8
21.6,85.5,516.81,483.25
21.74,76.98,323.73,312.18
29.08,70.71,166.2,34.48
26.73,73.71,138.66,641.6
24.16,90.94,381.33,111.1
18.15,64.25,386.53,331.76
31.51,61.03,343.99,187.2
31.47,67.55,137.36,303.32
21.05,78.22,235.62,121.36
18.58,60.27,199.18,474
25.42,63.65,127.39,717.95
31.32,84.43,479.1,199.75
30.75,75.68,177.39,584.85
26.19,93.2,206.07,14.41
22.25,91.88,177.49,730.72
22.62,69.68,563.51,682.93
30.57,73.22,632.36,738.53
24.88,92.14,188.9,264.77
19.84,80.27,477.09,575.77
21.48,72.94,479.42,51.64
21.88,88.01,283.17,408.67
19.73,92.36,461.34,9.34
24.48,83.57,371.3,367.28
30.82,68.08,182.43,733.11
27.36,88.67,675.78,64.38
19.01,74.72,513.61,165.07
18.08,84.43,673.3,508.81
21.87,77.02,207.59,311.18
23.08,92.93,580.61,262.75
28.87,62.39,363.96,304.66
31.54,65.45,659.22,48.81
23.43,66.81,518.45,364.39
27.61,67.74,205.36,194.14
31.93,68.24,138.84,134.52
28.44,65.35,192.86,368.74
26.91,84.25,533.36,366.54
19.09,67.64,126.11,431.19
22.53,68.24,397.39,443.93
30.79,66.91,440.77,633.17
20.81,73.95,591.12,718.57
29.81,93.55,379.03,102.84
27.75,72.84,123.18,290.3
23.13,70.42,246.89,310.96
25.41,62.4,147.58,652.14
25.6,72.34,688.95,441.02
28,68.13,490.28,180.86
25.23,86.7,121.11,544.96
19.86,63.91,142.35,538.94
28.83,65.03,250.8,415.97
23.69,69.75,571.74,225
31.48,70.08,351.43,438.39
21.97,89.62,413.11,31.52
21.68,87.69,626.06,555.34
22.67,80.25,636.92,746.85
26.01,70.1,368.15,289.61
30.53,71.16,560.89,108.35
20.47,80.73,255.82,96.92
21.92,85.9,221.61,262.37
26.14,73.44,686.25,329.13
24.36,77.83,490.16,617.77
24.26,91.08,501.23,332.31
29.49,82.74,629.15,487.24
30.93,78.74,135.68,78.89
24.74,62.49,285.82,195.88
27.62,66.16,537.12,244.08
29.21,67.03,383.68,457.04
25.26,81.81,666.86,389.83
22.12,63.78,381.33,52.43
26.93,61.01,193.68,152.64
26.19,72.61,646.23,548.47
30.62,85.16,122.97,407.97
18.73,84.26,560.08,10.52
30.74,87.74,124.84,495.18
25.48,84.37,388.66,599.6
18.22,81.46,239.22,399.6
22.83,77.02,671.96,490.17
28.14,67.3,350.11,192.85
24.84,79.9,137.95,102.08
31.72,82.28,570.54,125.32
23.92,64.33,303.62,571.76
22.57,79.78,490.89,670.45
29.5,63.42,355.03,695.21
25.67,79.15,374.34,197.44
27.55,65.56,273,55.62
29.28,64.17,577.23,418.87
27.4,63.96,388.96,260.75
23.91,91.89,142.98,520.29
19.75,80.93,667.96,503.99
26.12,68.76,408.21,660.26
30.56,62.5,401.86,267.72
23.86,78.77,320.94,471.3
30.75,65.07,488.39,735.18
25.05,87.24,352.89,536.43
26.69,77.36,554.7,744.61
29.66,85.43,628.42,21.25
25.9,73.85,404.04,347.54
19.27,84.58,498.48,434.55
31.73,83.96,291.41,349.66
21.44,79.65,482.73,524.03
27.95,89.6,488.44,605.52
25.07,80.39,416.95,47.71
24.7,80.23,212.71,508.37
21.42,70.78,540.68,710.52
28.11,92.6,305.41,286.03
19.58,78.1,345.16,13.55
31.87,73.71,613.9,715.37
29.84,78.96,515.05,358.86
25.48,65.08,167.95,316.01
23.94,69.28,447.92,143.53
22.01,70.73,170.41,101.1
25.02,78.03,494.36,596.14
30.31,84.34,348.9,198.67
21.85,70.05,591.54,87.78
25.01,64.75,572.5,46.06
21.28,79.57,699.83,217.21
22.72,89.91,293.52,268.24
20.66,74.64,221.55,340.75
31.87,76.65,227.48,303.54
26,70.12,467.37,456.67
28.26,88.31,314.04,596.16
19.38,64.22,645.98,342.62
23.13,65.99,166.03,424.46
30.5,95,563.59,641.51
19.18,83.88,404.03,308.43
20.32,79.18,489.71,130.46
26.76,87.83,460.94,634.17
26.72,94.89,427.55,438.21
29.74,66.68,525.04,603.83
31.1,87.7,436.51,413.93
19.99,71.98,655.03,252.4
21.63,85.59,439.97,182.36
23.98,84.77,653.41,248.03
18.01,94.94,587.67,248.24
18.98,63.92,611.58,486.19
21.17,60.07,640.43,644.52
24.74,86.17,237.48,317.59
21.52,79.91,318.68,245.47
30.27,84.18,641.64,299.41
22.54,86.37,206.54,436.22
30.94,77.27,404.28,78.24
31.65,72.48,180.75,532.5
24.3,86.96,208.48,59.49
21.18,73.3,461.56,528.63
22.08,81.78,349.74,582.3
28.87,91.27,365.74,647.98
21.83,65.54,414.72,645.96
23.33,60.31,503.22,486.07
24.7,68.99,409.61,465.38
26.05,87.91,318.23,236.74
31.95,79.84,231.83,287.12
21.25,93.12,389.39,43.19
22.95,79.18,337.82,522.83
21.68,69.3,592.96,383.36
23.06,86.81,128.87,523.79
19.41,83.01,450.83,607.7
23.04,88.72,478.71,736.8
30.43,83.38,692.98,680.47
22.18,75.82,633.51,397.88
23.21,69.7,420.19,731.67
31.22,61.95,287.34,237.55
28.2,70.78,125.91,170.4
25.23,61.62,259.65,244.42
28.88,75.05,611.51,195.72
19.72,67.9,684.49,5.39
24.5,84.63,526.61,391.85
19.66,67.71,470.24,455.91
21.27,62.85,471.62,664.34
19.99,89.36,496.95,504.6
23.07,62.1,121.04,564.1
23.34,86.28,334.58,232.77
31.26,92.53,310.98,11.94
21.7,63.75,687.2,297.75
24.61,79.59,120.42,452.51
29.36,75.81,547.08,565.66
29.42,87.95,355.07,9.82
28.5,81.82,157.56,424.91
22.03,69.74,329.35,220.14
24.93,60.05,194.15,745.69
20.61,76.9,141.67,352.01
20.64,91.29,516.4,168.54
24.1,91.69,134.32,155.68
28.34,64.39,126.94,349.06
25.37,90.12,367.07,442.43
30.41,61.21,195.73,263.13
29.63,63.23,378.75,517.53
18.44,93.82,332.3,428.86
25.96,73.54,179.32,471.74
26.53,62.48,491.03,649.86
31.46,76.47,496.84,265.96
18.33,61.61,493.91,172.54
25.44,60.57,621.49,255.24
20.87,79.66,123.93,209.35
18.75,67.39,136.09,223.65
26.22,81.77,423.44,274.28
28.82,71.71,390.29,623.21
28.85,64.64,694.53,672.7
18.42,94.45,327.37,503.28
23.7,68.75,345.68,684.13
18.62,62.17,604.71,61.93
21.47,69.76,481.39,178.96
20.7,68.81,161.22,534.44
21.01,70.49,153.44,684.62
22.75,72.45,426.56,457.14
21.88,88.18,350.13,488.94
31.47,62.09,546.55,203.45
22.93,72.41,484.28,338.42
30.52,63.63,120.18,251.39
20.53,94.38,129.79,53.51
28.69,65.04,607.03,427.74
18.86,76.77,215.46,363.84
24.48,76.8,450.37,301.28
18.08,87.34,665.49,607.53
29.34,69.53,680.63,716.93
31.31,85.82,609.67,528.38
18.49,60.92,635.58,50.89
31.07,92.45,644.93,54.21
28.83,63.46,164.4,16.82
23.02,76.83,617.2,231.51
30.72,66.07,361.12,279.66
22.15,72.9,144.75,156.49
23.73,82.47,429.24,709.88
19.35,64.99,187.69,669.57
27.2,70.12,165.89,722.66
18.41,83.77,391.2,522.79
24.79,89.56,302.57,721.9
27.56,80.75,631.16,607.46
29.5,78.3,303.04,586.26
20.1,63.84,597.09,327.5
28.56,65.13,122.84,459.53
28.07,93.54,670.54,502.92
25.83,60.09,151.51,294.19
26.19,76.95,272.47,292.72
19.28,86.47,134.43,425.64
26.41,67.35,676.43,376.37
23.34,76.08,149.98,289.11
30.15,77.26,322.42,36.51
22.38,69.11,505.03,660.73
26.07,90.76,306.77,266.81
23.97,92.38,124.34,94.48
30.27,86.23,259.53,687.13
21.55,60.3,534.52,527.47
19.1,82.01,339.4,395.53
28.48,68.12,595.77,464.36
23.78,69.35,548.61,289.96
26.25,66.43,459.87,568.04
18.37,80.03,174.8,116.03
31.33,75.64,689.56,468.25
30.29,66.77,421.99,495.79
26.73,92.64,270.9,635.03
18.24,68.37,469.24,562.92
23.29,87.26,529.93,335.02
31.7,60.86,391.15,704.13
27.54,66.42,492.26,107.49
20.25,88.66,182.66,644.78
24.45,78.77,626.96,47.1
31.53,82.61,514.82,546.68
25.49,75.01,568.33,359.12
18.34,75.25,185.97,507.19
26.68,64.39,421.2,505.29
21.8,65.98,521.7,653.85
19.38,92.16,422.92,536.07
23.64,76.02,177.54,284.92
25.82,76.54,155.18,546.15
18.24,83.32,477.29,332.29
25.83,60.49,582.2,267.12
25.16,78.64,698.04,423.7
29.11,90.99,449.57,730.28
23.93,74.61,253.11,548.06
25.75,74.44,354.94,357.32
28.39,75.87,181.85,205.95
30.56,89.93,360.04,652.12
23.32,81.35,607.3,658.7
26.42,86.16,346.32,691.65
27.72,85.14,150.01,671.92
18.61,61.78,216.23,593.9
29.21,94.18,508.41,433.96
23.28,84.72,520.91,627.21
27.38,80.3,234.86,598.32
24.6,61.58,589.88,636.77
27.83,92.13,282.9,398.91
28.14,76.43,442.31,207.09
20.68,91.89,298.47,282.85
27.27,74.64,522.01,632.33
29.92,80.21,337.89,646.71
21.3,91.28,561.85,713.2
28.61,76.13,400.39,468.17
26.87,66.28,491.36,483.88
31.37,74.88,657.11,648.62
21.64,73.36,372.5,172.66
20.16,85.58,439.37,239.02
22.37,89.43,229.69,680.8
21.61,60.4,522.19,239.71
28.6,77.32,243.37,47.2
28.26,69.35,520.18,723.6
27.38,65.76,655.45,161.47
21.03,83.3,665.95,191.42
30.07,89.24,585.06,669.51
31.39,79.05,432.7,406.91
25.44,66.78,605.59,141.1
27.09,86.29,385.5,43.94
25.01,78.25,338.61,242.09
21.97,88.16,527.35,455.71
22.01,93.77,240.25,664.58
22.39,74.68,163.08,468.78
20.67,71.17,332.3,292.61
30.63,69.87,317.57,543.58
30.02,84.18,189.9,537.87
24.46,94.02,615.65,574.62
23.14,70,507.53,605.9
31.15,76.18,134.96,316.91
21.11,80.17,433.29,234.99
25.75,93.39,209.21,622.51
18.76,68.65,416.51,273.21
20.68,93.66,567.33,444
26.46,78.34,359.57,45.53
27.27,85.49,466.18,160.85
26.13,87.35,436.93,691.56
30.17,65.76,455.01,8.06
31.91,94.12,397.31,460.45
28.69,94.16,216.88,343.63
24.51,90.32,260.14,478.42
29.68,89.52,638.55,5.25
19.69,71.42,548.16,126.25
27.57,89.82,690.06,364.65
25.26,91.09,151.4,73.99
20.49,69.33,303.61,349.82
31.62,65.97,676.39,198.86
22.74,86.49,374.84,396.83
26.62,80.22,470.52,556.44
30.3,63.78,450.45,500.41
25.09,73.98,201.6,133.47
19.61,71.62,544.04,707.27
29.46,83.12,153.82,61.47
22.94,74.71,432.02,551.19
31.76,82.7,440.53,451.06
30.37,87.98,237.07,537.05
29.95,84.75,555.25,115.89
22.99,81.61,639.78,218.69
28.6,91.73,687.86,476.83
31.81,68.67,135.55,480.15
25.37,77.76,299.64,607.91
24.59,86.46,656.4,729.5
18.21,67.84,149.29,650.34
27.8,67.41,277.77,307.75
30.02,83.95,429.37,125.45
21.46,87.32,549.31,699.68
22.41,91.02,252.27,655.53
25.01,75.69,294.2,196.62
19.01,85.07,232.83,219.19
19.25,65.98,376.98,387.67
23.9,71.02,412.52,490.95
21.66,82.12,641.55,330.04
23.68,65.18,567.04,249.58
24.36,93.45,534.9,357.43
31.67,64.48,452.15,74.84
31.22,87.19,310.58,686.74
19.96,71.15,160.64,232.68
30.36,85.65,270.11,49.64
19.12,74.17,232.92,256.31
25.11,86.17,252.18,303.34
20.29,91.51,251.53,333.4
23.12,80.87,369.72,369.7
28.41,65.74,340.81,316.27
23.94,93.29,315.49,607.49
29.3,78.64,631.12,345.19
28.06,68.38,237.59,649.32
31.2,74.29,214.92,567.54
25.48,85.24,164.08,711.21
29.23,92.74,656.42,400.21
22.52,91.73,232.72,93.44
22.84,64.91,451.92,594.17
23.61,90.51,336.76,629.49
23.75,80.66,442.07,354.45
19.45,74.34,492.69,507.8
25.27,76.25,607.24,710.7
19.36,87.81,414.21,289.81
30.46,89.57,309.8,436.12
18.87,83.03,225.03,409.15
24.3,62.05,471.95,576.96
21.99,88.3,196.56,697.31
20.17,60.9,616.37,480.78
28.97,73.57,136.12,291.23
28.01,75.55,610.27,688.38
20.04,77.71,247.16,430.68
26.86,68.96,402.96,305.36
29.1,74.67,543.7,304.91
28.83,87.56,574.82,25.5
19.29,69.49,353.03,344.22
27.6,88.46,409.68,438.93
28.02,60.44,137.15,250.13
30.07,65,319.54,494.85
25.11,92.39,271.72,725.93
24.46,76.46,346.24,128.28
31.51,61.78,294.52,618.84
29.15,81.37,212.65,203.32
25.82,75.96,666.2,269.65
22.63,63.1,368.98,574.36
29.83,72.18,489.93,23
24.38,81.5,657.52,375.73
19.3,81.97,452.03,526.37
24.37,91.04,193.66,692.08
30.21,77.24,577.38,320.04
24.28,63.67,569.31,749.02
18.2,63.97,354.67,413.25
26.56,74.59,432.85,519.47
31.94,66.49,366.43,438.15
29.44,92.23,250.06,591.63
26.64,67.42,562.49,493.93
30.8,73.17,551.77,669.76
29.39,77.93,495.29,440.08
24.98,71.56,384.27,725.76
26.28,83.26,389.59,741.35
28.24,81.18,293.1,547.81
29.85,92.88,274.12,603.07
18.81,89.12,612.4,681.91
28.85,81.1,618.44,145.38
24.27,75.63,128.9,557.66
27.25,81.52,537.37,112.4
28.7,81.81,311.35,703.75
25.55,69.44,653.22,33.88
20.22,66.23,260.43,270.81
23.73,78.17,314.53,299.23
19.08,70.75,553.45,476.77
27.65,73.48,162.98,285.95
31.35,60.06,530.66,244.3
29.13,83.86,511.31,521.74
23.46,62.03,296.33,66.07
26.18,85.74,533.41,86.19
22.26,67.28,643.7,681.35
25.57,65.77,586.29,717.28
22.21,81.02,420.35,128.03
28.34,94.42,196.82,204.03
21.63,74.77,637.56,746.7
31.5,90.43,404.04,371.24
27.27,62.16,356.57,484.19
18.96,77.8,437.7,108.86
18.15,83.86,243.86,247.65
31.96,73.14,314.99,171.68
21.09,64.53,546.59,699.26
22.38,60.54,446.82,373.31
20.92,73.54,562.12,577.81
30.99,86,561.94,745.29
27.13,94.67,557.08,657.78
25.06,76.21,203.63,325.32
25.81,70.32,497.12,687.52
22.45,72.13,398.5,525.46
26.6,63.22,156.01,509.61
23.87,75.75,604.33,414.05
20.79,81.95,247.43,15.41
27.19,81.83,127.51,611.34
23.23,60.45,493.19,117.7
28.99,82.18,219.82,644.57
23.82,83.3,155.79,526.93
25.12,77.57,661.59,563.18
29.02,93.07,206.12,461.81
24.27,69.03,421.63,648.72
31.53,89.82,333.03,96.67
29.1,66.1,145.95,580.81
29.57,69.17,302.33,53.26
31.35,67.17,323.27,417.49
23.44,90.99,406.19,420.55
26.12,87.77,529.91,586.91
27.71,75.77,699.99,226.46
27.43,73.23,420.77,331.35
31.34,60.45,666.8,284.75
22.04,84.57,425.92,233.41
22.08,93.77,464.34,493.29
30.85,87.25,200.66,505.38
29.19,68.16,451.08,621.84
20.85,69.26,271.13,64.35
25.98,74.8,278.95,8.17
28.44,74.27,371.65,102.59
22.94,68.13,499.17,380.98
24.08,87.71,478.05,749.67
26.06,87.51,297.64,591.04
24.54,84.73,136.68,472.54
28.54,60.17,261.55,184.66
18.08,92.11,382.64,700.41
24.08,71.81,647.52,591.87
22.73,61.01,474.01,534.99
26.53,82.31,628.95,435.32
28.86,85.82,464.54,41.15
19.07,83.48,377.04,497.43
20.21,73.68,310.58,160.24
27.31,90.14,682.65,325.1
28.34,72.48,397.38,649.19
26.23,78.84,328.36,83.01
31.76,92.26,646.48,93.73
24.99,85.48,590.88,52.48
19.91,63.31,461.47,363.6
27.61,87.2,448.32,638.13
26.43,91.56,408.46,666.68
26.27,88.89,175.86,698.04
25.64,76.69,518.75,294.1
31.15,88.88,337.81,748.43
19.81,62.65,129.87,8.45
19.02,68.9,541.11,81.14
20.16,90.34,195,290.83
21.43,61.45,582.79,501.15
26.3,73.93,270.55,174.49
26.57,90.12,460.12,344.01
21.26,75.6,450.46,641.57
24.85,62.96,222.58,718.41
24.75,76.07,374.64,239.86
24.34,85.63,595.04,111.45
29.25,71.07,683.75,683.43
24.6,91.73,130.54,647.2
28.62,92.93,205.06,575.34
20.33,65.87,478.11,354.4
25.45,63.27,121.46,689.3
29.54,70.48,559.63,525.75
20.49,76.42,458.15,234.56
24.51,65.5,510.26,89.7
26.53,68.45,482.06,281.54
20.59,92.67,467.43,530.8
28.59,85.02,179.4,612
19.11,80.93,256.43,469.73
31.25,84.78,389.07,305.66
24.56,60.1,313.95,313.08
22.71,65.09,574.18,30.12
19.64,84.21,511.66,245.33
24.06,85.02,300.65,280.63
27.24,89.85,671.63,174.35
19.32,80.49,493.66,343.01
22.29,79.5,611.04,119.48
